State,District,Date,Total tests,Total positives,Sum of RTPCRTests,Sum of RTPCRPos,Sum of AntigenTests,Sum of AntigenPos,Sum of CBNAATPos,Sum of CBNAATTests,Sum of OtherTest,Sum of OtherTestPos,Sum of TrueNATTests,Sum of TrueNATPos,Sum of TrueNATConfTests,Sum of TrueNATConfPos
LAKSHADWEEP,LAKSHADWEEP DISTRICT,2020-04-12T00:00:00+05:30,3,0,3,0,0,0,0,0,0,0,0,0,0,0
LAKSHADWEEP,LAKSHADWEEP DISTRICT,2020-04-13T00:00:00+05:30,4,0,4,0,0,0,0,0,0,0,0,0,0,0
LAKSHADWEEP,LAKSHADWEEP DISTRICT,2020-04-23T00:00:00+05:30,1,0,1,0,0,0,0,0,0,0,0,0,0,0
LAKSHADWEEP,LAKSHADWEEP DISTRICT,2020-04-24T00:00:00+05:30,1,0,1,0,0,0,0,0,0,0,0,0,0,0
LAKSHADWEEP,LAKSHADWEEP DISTRICT,2020-04-26T00:00:00+05:30,1,0,1,0,0,0,0,0,0,0,0,0,0,0
LAKSHADWEEP,LAKSHADWEEP DISTRICT,2020-04-28T00:00:00+05:30,45,0,45,0,0,0,0,0,0,0,0,0,0,0
LAKSHADWEEP,LAKSHADWEEP DISTRICT,2020-04-29T00:00:00+05:30,81,0,81,0,0,0,0,0,0,0,0,0,0,0
LAKSHADWEEP,LAKSHADWEEP DISTRICT,2020-04-30T00:00:00+05:30,41,0,41,0,0,0,0,0,0,0,0,0,0,0
LAKSHADWEEP,LAKSHADWEEP DISTRICT,2020-05-01T00:00:00+05:30,80,0,80,0,0,0,0,0,0,0,0,0,0,0
LAKSHADWEEP,LAKSHADWEEP DISTRICT,2020-05-02T00:00:00+05:30,183,0,183,0,0,0,0,0,0,0,0,0,0,0
LAKSHADWEEP,LAKSHADWEEP DISTRICT,2020-05-03T00:00:00+05:30,105,0,105,0,0,0,0,0,0,0,0,0,0,0
LAKSHADWEEP,LAKSHADWEEP DISTRICT,2020-05-04T00:00:00+05:30,52,0,52,0,0,0,0,0,0,0,0,0,0,0
LAKSHADWEEP,LAKSHADWEEP DISTRICT,2020-05-05T00:00:00+05:30,59,0,59,0,0,0,0,0,0,0,0,0,0,0
LAKSHADWEEP,LAKSHADWEEP DISTRICT,2020-05-06T00:00:00+05:30,59,0,59,0,0,0,0,0,0,0,0,0,0,0
LAKSHADWEEP,LAKSHADWEEP DISTRICT,2020-05-07T00:00:00+05:30,18,0,18,0,0,0,0,0,0,0,0,0,0,0
LAKSHADWEEP,LAKSHADWEEP DISTRICT,2020-05-08T00:00:00+05:30,91,0,91,0,0,0,0,0,0,0,0,0,0,0
LAKSHADWEEP,LAKSHADWEEP DISTRICT,2020-05-09T00:00:00+05:30,2,0,2,0,0,0,0,0,0,0,0,0,0,0
LAKSHADWEEP,LAKSHADWEEP DISTRICT,2020-05-11T00:00:00+05:30,1,0,1,0,0,0,0,0,0,0,0,0,0,0
LAKSHADWEEP,LAKSHADWEEP DISTRICT,2020-05-12T00:00:00+05:30,117,0,117,0,0,0,0,0,0,0,0,0,0,0
LAKSHADWEEP,LAKSHADWEEP DISTRICT,2020-05-13T00:00:00+05:30,78,0,78,0,0,0,0,0,0,0,0,0,0,0
LAKSHADWEEP,LAKSHADWEEP DISTRICT,2020-05-14T00:00:00+05:30,107,0,107,0,0,0,0,0,0,0,0,0,0,0
LAKSHADWEEP,LAKSHADWEEP DISTRICT,2020-05-15T00:00:00+05:30,98,0,98,0,0,0,0,0,0,0,0,0,0,0
LAKSHADWEEP,LAKSHADWEEP DISTRICT,2020-05-16T00:00:00+05:30,6,0,6,0,0,0,0,0,0,0,0,0,0,0
LAKSHADWEEP,LAKSHADWEEP DISTRICT,2020-05-18T00:00:00+05:30,9,0,9,0,0,0,0,0,0,0,0,0,0,0
LAKSHADWEEP,LAKSHADWEEP DISTRICT,2020-05-19T00:00:00+05:30,29,0,29,0,0,0,0,0,0,0,0,0,0,0
LAKSHADWEEP,LAKSHADWEEP DISTRICT,2020-05-20T00:00:00+05:30,5,0,5,0,0,0,0,0,0,0,0,0,0,0
LAKSHADWEEP,LAKSHADWEEP DISTRICT,2020-05-21T00:00:00+05:30,12,0,12,0,0,0,0,0,0,0,0,0,0,0
LAKSHADWEEP,LAKSHADWEEP DISTRICT,2020-05-22T00:00:00+05:30,4,0,4,0,0,0,0,0,0,0,0,0,0,0
LAKSHADWEEP,LAKSHADWEEP DISTRICT,2020-05-23T00:00:00+05:30,2,0,2,0,0,0,0,0,0,0,0,0,0,0
LAKSHADWEEP,LAKSHADWEEP DISTRICT,2020-05-25T00:00:00+05:30,13,0,13,0,0,0,0,0,0,0,0,0,0,0
LAKSHADWEEP,LAKSHADWEEP DISTRICT,2020-05-26T00:00:00+05:30,34,0,34,0,0,0,0,0,0,0,0,0,0,0
LAKSHADWEEP,LAKSHADWEEP DISTRICT,2020-05-27T00:00:00+05:30,7,0,7,0,0,0,0,0,0,0,0,0,0,0
LAKSHADWEEP,LAKSHADWEEP DISTRICT,2020-05-28T00:00:00+05:30,1,0,1,0,0,0,0,0,0,0,0,0,0,0
LAKSHADWEEP,LAKSHADWEEP DISTRICT,2020-05-29T00:00:00+05:30,35,0,35,0,0,0,0,0,0,0,0,0,0,0
LAKSHADWEEP,LAKSHADWEEP DISTRICT,2020-05-30T00:00:00+05:30,4,0,4,0,0,0,0,0,0,0,0,0,0,0
LAKSHADWEEP,LAKSHADWEEP DISTRICT,2020-06-01T00:00:00+05:30,10,0,10,0,0,0,0,0,0,0,0,0,0,0
LAKSHADWEEP,LAKSHADWEEP DISTRICT,2020-06-02T00:00:00+05:30,74,0,74,0,0,0,0,0,0,0,0,0,0,0
LAKSHADWEEP,LAKSHADWEEP DISTRICT,2020-06-03T00:00:00+05:30,25,0,25,0,0,0,0,0,0,0,0,0,0,0
LAKSHADWEEP,LAKSHADWEEP DISTRICT,2020-06-04T00:00:00+05:30,5,0,5,0,0,0,0,0,0,0,0,0,0,0
LAKSHADWEEP,LAKSHADWEEP DISTRICT,2020-06-05T00:00:00+05:30,14,0,13,0,0,0,0,0,1,0,0,0,0,0
LAKSHADWEEP,LAKSHADWEEP DISTRICT,2020-06-06T00:00:00+05:30,3,0,2,0,0,0,0,0,1,0,0,0,0,0
LAKSHADWEEP,LAKSHADWEEP DISTRICT,2020-06-07T00:00:00+05:30,1,0,1,0,0,0,0,0,0,0,0,0,0,0
LAKSHADWEEP,LAKSHADWEEP DISTRICT,2020-06-08T00:00:00+05:30,30,0,7,0,0,0,0,0,23,0,0,0,0,0
LAKSHADWEEP,LAKSHADWEEP DISTRICT,2020-06-09T00:00:00+05:30,6,0,5,0,0,0,0,0,1,0,0,0,0,0
LAKSHADWEEP,LAKSHADWEEP DISTRICT,2020-06-10T00:00:00+05:30,8,0,7,0,0,0,0,0,1,0,0,0,0,0
LAKSHADWEEP,LAKSHADWEEP DISTRICT,2020-06-11T00:00:00+05:30,2,0,2,0,0,0,0,0,0,0,0,0,0,0
LAKSHADWEEP,LAKSHADWEEP DISTRICT,2020-06-12T00:00:00+05:30,10,0,9,0,0,0,0,0,1,0,0,0,0,0
LAKSHADWEEP,LAKSHADWEEP DISTRICT,2020-06-13T00:00:00+05:30,12,0,11,0,0,0,0,0,1,0,0,0,0,0
LAKSHADWEEP,LAKSHADWEEP DISTRICT,2020-06-15T00:00:00+05:30,3,0,2,0,0,0,0,0,1,0,0,0,0,0
LAKSHADWEEP,LAKSHADWEEP DISTRICT,2020-06-16T00:00:00+05:30,8,0,7,0,0,0,0,0,1,0,0,0,0,0
LAKSHADWEEP,LAKSHADWEEP DISTRICT,2020-06-17T00:00:00+05:30,13,0,13,0,0,0,0,0,0,0,0,0,0,0
LAKSHADWEEP,LAKSHADWEEP DISTRICT,2020-06-18T00:00:00+05:30,8,0,7,0,0,0,0,0,1,0,0,0,0,0
LAKSHADWEEP,LAKSHADWEEP DISTRICT,2020-06-19T00:00:00+05:30,6,0,6,0,0,0,0,0,0,0,0,0,0,0
LAKSHADWEEP,LAKSHADWEEP DISTRICT,2020-06-20T00:00:00+05:30,11,0,11,0,0,0,0,0,0,0,0,0,0,0
LAKSHADWEEP,LAKSHADWEEP DISTRICT,2020-06-22T00:00:00+05:30,17,0,6,0,0,0,0,0,11,0,0,0,0,0
LAKSHADWEEP,LAKSHADWEEP DISTRICT,2020-06-23T00:00:00+05:30,20,0,3,0,0,0,0,0,17,0,0,0,0,0
LAKSHADWEEP,LAKSHADWEEP DISTRICT,2020-06-24T00:00:00+05:30,10,0,10,0,0,0,0,0,0,0,0,0,0,0
LAKSHADWEEP,LAKSHADWEEP DISTRICT,2020-06-25T00:00:00+05:30,58,0,58,0,0,0,0,0,0,0,0,0,0,0
LAKSHADWEEP,LAKSHADWEEP DISTRICT,2020-06-26T00:00:00+05:30,35,0,35,0,0,0,0,0,0,0,0,0,0,0
LAKSHADWEEP,LAKSHADWEEP DISTRICT,2020-06-27T00:00:00+05:30,7,0,7,0,0,0,0,0,0,0,0,0,0,0
LAKSHADWEEP,LAKSHADWEEP DISTRICT,2020-06-29T00:00:00+05:30,7,0,7,0,0,0,0,0,0,0,0,0,0,0
LAKSHADWEEP,LAKSHADWEEP DISTRICT,2020-06-30T00:00:00+05:30,19,0,19,0,0,0,0,0,0,0,0,0,0,0
LAKSHADWEEP,LAKSHADWEEP DISTRICT,2020-07-01T00:00:00+05:30,7,0,6,0,0,0,0,1,0,0,0,0,0,0
LAKSHADWEEP,LAKSHADWEEP DISTRICT,2020-07-02T00:00:00+05:30,7,0,7,0,0,0,0,0,0,0,0,0,0,0
LAKSHADWEEP,LAKSHADWEEP DISTRICT,2020-07-03T00:00:00+05:30,33,0,5,0,0,0,0,0,0,0,28,0,0,0
LAKSHADWEEP,LAKSHADWEEP DISTRICT,2020-07-04T00:00:00+05:30,19,1,18,1,0,0,0,0,0,0,1,0,0,0
LAKSHADWEEP,LAKSHADWEEP DISTRICT,2020-07-05T00:00:00+05:30,19,0,6,0,0,0,0,0,0,0,13,1,0,0
LAKSHADWEEP,LAKSHADWEEP DISTRICT,2020-07-06T00:00:00+05:30,10,0,9,0,0,0,0,0,0,0,1,0,0,0
LAKSHADWEEP,LAKSHADWEEP DISTRICT,2020-07-07T00:00:00+05:30,4,0,4,0,0,0,0,0,0,0,0,0,0,0
LAKSHADWEEP,LAKSHADWEEP DISTRICT,2020-07-08T00:00:00+05:30,10,0,10,0,0,0,0,0,0,0,0,0,0,0
LAKSHADWEEP,LAKSHADWEEP DISTRICT,2020-07-09T00:00:00+05:30,11,0,5,0,0,0,0,0,0,0,6,0,0,0
LAKSHADWEEP,LAKSHADWEEP DISTRICT,2020-07-10T00:00:00+05:30,92,0,83,0,0,0,0,0,0,0,9,0,0,0
LAKSHADWEEP,LAKSHADWEEP DISTRICT,2020-07-11T00:00:00+05:30,110,0,110,0,0,0,0,0,0,0,0,0,0,0
LAKSHADWEEP,LAKSHADWEEP DISTRICT,2020-07-12T00:00:00+05:30,73,0,52,0,0,0,0,0,0,0,21,0,0,0
LAKSHADWEEP,LAKSHADWEEP DISTRICT,2020-07-13T00:00:00+05:30,34,0,19,0,0,0,0,1,0,0,14,1,0,0
LAKSHADWEEP,LAKSHADWEEP DISTRICT,2020-07-14T00:00:00+05:30,31,0,21,0,0,0,0,1,0,0,9,0,0,0
LAKSHADWEEP,LAKSHADWEEP DISTRICT,2020-07-15T00:00:00+05:30,12,0,12,0,0,0,0,0,0,0,0,0,0,0
LAKSHADWEEP,LAKSHADWEEP DISTRICT,2020-07-16T00:00:00+05:30,6,0,6,0,0,0,0,0,0,0,0,0,0,0
LAKSHADWEEP,LAKSHADWEEP DISTRICT,2020-07-17T00:00:00+05:30,13,0,12,0,1,0,0,0,0,0,0,0,0,0
LAKSHADWEEP,LAKSHADWEEP DISTRICT,2020-07-18T00:00:00+05:30,14,0,14,0,0,0,0,0,0,0,0,0,0,0
LAKSHADWEEP,LAKSHADWEEP DISTRICT,2020-07-19T00:00:00+05:30,3,0,3,0,0,0,0,0,0,0,0,0,0,0
LAKSHADWEEP,LAKSHADWEEP DISTRICT,2020-07-20T00:00:00+05:30,42,0,41,0,0,0,0,0,1,0,0,0,0,0
LAKSHADWEEP,LAKSHADWEEP DISTRICT,2020-07-21T00:00:00+05:30,64,0,63,0,0,0,0,0,1,0,0,0,0,0
LAKSHADWEEP,LAKSHADWEEP DISTRICT,2020-07-22T00:00:00+05:30,43,0,38,0,0,0,0,0,0,0,5,0,0,0
LAKSHADWEEP,LAKSHADWEEP DISTRICT,2020-07-23T00:00:00+05:30,5,0,3,0,0,0,0,0,2,0,0,0,0,0
LAKSHADWEEP,LAKSHADWEEP DISTRICT,2020-07-24T00:00:00+05:30,35,0,35,0,0,0,0,0,0,0,0,0,0,0
LAKSHADWEEP,LAKSHADWEEP DISTRICT,2020-07-25T00:00:00+05:30,121,0,120,0,0,0,0,0,0,0,1,0,0,0
LAKSHADWEEP,LAKSHADWEEP DISTRICT,2020-07-27T00:00:00+05:30,99,0,96,0,1,0,0,2,0,0,0,0,0,0
LAKSHADWEEP,LAKSHADWEEP DISTRICT,2020-07-28T00:00:00+05:30,9,0,8,0,0,0,0,0,0,0,1,0,0,0
LAKSHADWEEP,LAKSHADWEEP DISTRICT,2020-07-29T00:00:00+05:30,5,0,5,0,0,0,0,0,0,0,0,0,0,0
LAKSHADWEEP,LAKSHADWEEP DISTRICT,2020-07-30T00:00:00+05:30,65,1,64,1,0,0,0,0,0,0,1,0,0,0
LAKSHADWEEP,LAKSHADWEEP DISTRICT,2020-07-31T00:00:00+05:30,6,0,6,0,0,0,0,0,0,0,0,0,0,0
LAKSHADWEEP,LAKSHADWEEP DISTRICT,2020-08-01T00:00:00+05:30,2,0,2,0,0,0,0,0,0,0,0,0,0,0
LAKSHADWEEP,LAKSHADWEEP DISTRICT,2020-08-02T00:00:00+05:30,6,0,3,0,0,0,0,0,3,0,0,0,0,0
LAKSHADWEEP,LAKSHADWEEP DISTRICT,2020-08-03T00:00:00+05:30,6,0,0,0,0,0,0,0,6,0,0,0,0,0
LAKSHADWEEP,LAKSHADWEEP DISTRICT,2020-08-04T00:00:00+05:30,30,0,8,0,0,0,0,0,0,0,22,0,0,0
LAKSHADWEEP,LAKSHADWEEP DISTRICT,2020-08-05T00:00:00+05:30,75,0,0,0,0,0,0,0,2,0,73,0,0,0
LAKSHADWEEP,LAKSHADWEEP DISTRICT,2020-08-06T00:00:00+05:30,60,0,3,0,0,0,0,0,6,0,51,1,0,0
LAKSHADWEEP,LAKSHADWEEP DISTRICT,2020-08-07T00:00:00+05:30,2,0,2,0,0,0,0,0,0,0,0,0,0,0
LAKSHADWEEP,LAKSHADWEEP DISTRICT,2020-08-08T00:00:00+05:30,9,0,3,0,0,0,0,0,6,0,0,0,0,0
LAKSHADWEEP,LAKSHADWEEP DISTRICT,2020-08-09T00:00:00+05:30,1,0,1,0,0,0,0,0,0,0,0,0,0,0
LAKSHADWEEP,LAKSHADWEEP DISTRICT,2020-08-10T00:00:00+05:30,24,0,24,0,0,0,0,0,0,0,0,0,0,0
LAKSHADWEEP,LAKSHADWEEP DISTRICT,2020-08-11T00:00:00+05:30,4,0,2,0,0,0,0,0,0,0,2,0,0,0
LAKSHADWEEP,LAKSHADWEEP DISTRICT,2020-08-12T00:00:00+05:30,51,1,50,0,1,1,0,0,0,0,0,0,0,0
LAKSHADWEEP,LAKSHADWEEP DISTRICT,2020-08-13T00:00:00+05:30,5,0,5,0,0,0,0,0,0,0,0,0,0,0
LAKSHADWEEP,LAKSHADWEEP DISTRICT,2020-08-14T00:00:00+05:30,3,0,1,0,0,0,0,0,2,0,0,0,0,0
LAKSHADWEEP,LAKSHADWEEP DISTRICT,2020-08-15T00:00:00+05:30,7,0,7,0,0,0,0,0,0,0,0,0,0,0
LAKSHADWEEP,LAKSHADWEEP DISTRICT,2020-08-16T00:00:00+05:30,3,0,1,0,0,0,0,0,2,0,0,0,0,0
LAKSHADWEEP,LAKSHADWEEP DISTRICT,2020-08-17T00:00:00+05:30,11,0,5,0,0,0,0,0,3,0,3,0,0,0
LAKSHADWEEP,LAKSHADWEEP DISTRICT,2020-08-18T00:00:00+05:30,2,0,2,0,0,0,0,0,0,0,0,0,0,0
LAKSHADWEEP,LAKSHADWEEP DISTRICT,2020-08-19T00:00:00+05:30,4,0,3,0,0,0,0,0,1,0,0,0,0,0
LAKSHADWEEP,LAKSHADWEEP DISTRICT,2020-08-20T00:00:00+05:30,9,0,3,0,0,0,0,0,5,0,1,0,0,0
LAKSHADWEEP,LAKSHADWEEP DISTRICT,2020-08-21T00:00:00+05:30,7,0,3,0,0,0,0,0,4,0,0,0,0,0
LAKSHADWEEP,LAKSHADWEEP DISTRICT,2020-08-22T00:00:00+05:30,7,0,1,0,0,0,0,0,0,0,6,0,0,0
LAKSHADWEEP,LAKSHADWEEP DISTRICT,2020-08-23T00:00:00+05:30,13,0,1,0,0,0,0,0,0,0,12,0,0,0
LAKSHADWEEP,LAKSHADWEEP DISTRICT,2020-08-24T00:00:00+05:30,1,0,1,0,0,0,0,0,0,0,0,0,0,0
LAKSHADWEEP,LAKSHADWEEP DISTRICT,2020-08-25T00:00:00+05:30,2,0,2,0,0,0,0,0,0,0,0,0,0,0
LAKSHADWEEP,LAKSHADWEEP DISTRICT,2020-08-26T00:00:00+05:30,52,1,52,1,0,0,0,0,0,0,0,0,0,0
LAKSHADWEEP,LAKSHADWEEP DISTRICT,2020-08-27T00:00:00+05:30,41,0,41,0,0,0,0,0,0,0,0,0,0,0
LAKSHADWEEP,LAKSHADWEEP DISTRICT,2020-08-28T00:00:00+05:30,5,0,5,0,0,0,0,0,0,0,0,0,0,0
LAKSHADWEEP,LAKSHADWEEP DISTRICT,2020-08-29T00:00:00+05:30,11,0,11,0,0,0,0,0,0,0,0,0,0,0
LAKSHADWEEP,LAKSHADWEEP DISTRICT,2020-08-30T00:00:00+05:30,2,0,2,0,0,0,0,0,0,0,0,0,0,0
LAKSHADWEEP,LAKSHADWEEP DISTRICT,2020-09-01T00:00:00+05:30,8,0,1,0,0,0,0,0,3,0,4,0,0,0
LAKSHADWEEP,LAKSHADWEEP DISTRICT,2020-09-02T00:00:00+05:30,6,0,6,0,0,0,0,0,0,0,0,0,0,0
LAKSHADWEEP,LAKSHADWEEP DISTRICT,2020-09-03T00:00:00+05:30,1,0,0,0,1,0,0,0,0,0,0,0,0,0
LAKSHADWEEP,LAKSHADWEEP DISTRICT,2020-09-04T00:00:00+05:30,1,0,1,0,0,0,0,0,0,0,0,0,0,0
LAKSHADWEEP,LAKSHADWEEP DISTRICT,2020-09-05T00:00:00+05:30,3,0,2,0,0,0,0,0,0,0,1,0,0,0
LAKSHADWEEP,LAKSHADWEEP DISTRICT,2020-09-06T00:00:00+05:30,1,0,0,0,1,0,0,0,0,0,0,0,0,0
LAKSHADWEEP,LAKSHADWEEP DISTRICT,2020-09-07T00:00:00+05:30,3,0,3,0,0,0,0,0,0,0,0,0,0,0
LAKSHADWEEP,LAKSHADWEEP DISTRICT,2020-09-09T00:00:00+05:30,9,0,6,0,0,0,0,0,3,0,0,0,0,0
LAKSHADWEEP,LAKSHADWEEP DISTRICT,2020-09-10T00:00:00+05:30,2,0,0,0,0,0,0,0,1,0,1,0,0,0
LAKSHADWEEP,LAKSHADWEEP DISTRICT,2020-09-11T00:00:00+05:30,4,0,4,0,0,0,0,0,0,0,0,0,0,0
LAKSHADWEEP,LAKSHADWEEP DISTRICT,2020-09-12T00:00:00+05:30,2,0,0,0,0,0,0,0,2,0,0,0,0,0
LAKSHADWEEP,LAKSHADWEEP DISTRICT,2020-09-13T00:00:00+05:30,1,0,0,0,0,0,0,0,1,0,0,0,0,0
LAKSHADWEEP,LAKSHADWEEP DISTRICT,2020-09-14T00:00:00+05:30,2,0,2,0,0,0,0,0,0,0,0,0,0,0
LAKSHADWEEP,LAKSHADWEEP DISTRICT,2020-09-15T00:00:00+05:30,5,0,1,0,0,0,0,0,4,0,0,0,0,0
LAKSHADWEEP,LAKSHADWEEP DISTRICT,2020-09-17T00:00:00+05:30,1,0,1,0,0,0,0,0,0,0,0,0,0,0
LAKSHADWEEP,LAKSHADWEEP DISTRICT,2020-09-18T00:00:00+05:30,9,0,6,0,1,0,0,0,2,0,0,0,0,0
LAKSHADWEEP,LAKSHADWEEP DISTRICT,2020-09-19T00:00:00+05:30,2,0,2,0,0,0,0,0,0,0,0,0,0,0
LAKSHADWEEP,LAKSHADWEEP DISTRICT,2020-09-20T00:00:00+05:30,3,0,3,0,0,0,0,0,0,0,0,0,0,0
LAKSHADWEEP,LAKSHADWEEP DISTRICT,2020-09-21T00:00:00+05:30,7,0,2,0,0,0,0,0,4,0,1,0,0,0
LAKSHADWEEP,LAKSHADWEEP DISTRICT,2020-09-23T00:00:00+05:30,1,0,1,0,0,0,0,0,0,0,0,0,0,0
LAKSHADWEEP,LAKSHADWEEP DISTRICT,2020-09-25T00:00:00+05:30,2,0,2,0,0,0,0,0,0,0,0,0,0,0
LAKSHADWEEP,LAKSHADWEEP DISTRICT,2020-09-26T00:00:00+05:30,2,0,1,0,0,0,0,0,1,0,0,0,0,0
LAKSHADWEEP,LAKSHADWEEP DISTRICT,2020-09-27T00:00:00+05:30,1,0,0,0,0,0,0,0,0,0,0,0,1,0
LAKSHADWEEP,LAKSHADWEEP DISTRICT,2020-09-28T00:00:00+05:30,3,0,1,0,0,0,0,0,2,0,0,0,0,0
LAKSHADWEEP,LAKSHADWEEP DISTRICT,2020-09-29T00:00:00+05:30,2,0,1,0,0,0,0,0,0,0,0,0,1,0
LAKSHADWEEP,LAKSHADWEEP DISTRICT,2020-09-30T00:00:00+05:30,3,0,3,0,0,0,0,0,0,0,0,0,0,0
LAKSHADWEEP,LAKSHADWEEP DISTRICT,2020-10-01T00:00:00+05:30,2,0,2,0,0,0,0,0,0,0,0,0,0,0
LAKSHADWEEP,LAKSHADWEEP DISTRICT,2020-10-02T00:00:00+05:30,5,0,3,0,0,0,0,0,1,0,0,0,1,0
LAKSHADWEEP,LAKSHADWEEP DISTRICT,2020-10-03T00:00:00+05:30,3,0,2,0,0,0,0,0,0,0,1,0,0,0
LAKSHADWEEP,LAKSHADWEEP DISTRICT,2020-10-04T00:00:00+05:30,4,0,0,0,0,0,0,0,0,0,4,0,0,0
LAKSHADWEEP,LAKSHADWEEP DISTRICT,2020-10-05T00:00:00+05:30,4,0,0,0,1,0,0,0,1,0,2,0,0,0
LAKSHADWEEP,LAKSHADWEEP DISTRICT,2020-10-06T00:00:00+05:30,4,0,1,0,0,0,0,0,0,0,3,0,0,0
LAKSHADWEEP,LAKSHADWEEP DISTRICT,2020-10-07T00:00:00+05:30,4,0,0,0,0,0,0,0,0,0,4,0,0,0
LAKSHADWEEP,LAKSHADWEEP DISTRICT,2020-10-08T00:00:00+05:30,4,0,0,0,0,0,0,0,0,0,4,0,0,0
LAKSHADWEEP,LAKSHADWEEP DISTRICT,2020-10-09T00:00:00+05:30,9,0,4,0,0,0,0,0,2,0,2,0,1,0
LAKSHADWEEP,LAKSHADWEEP DISTRICT,2020-10-10T00:00:00+05:30,18,0,1,0,0,0,0,0,10,0,6,0,1,0
LAKSHADWEEP,LAKSHADWEEP DISTRICT,2020-10-11T00:00:00+05:30,9,0,1,0,0,0,0,0,5,0,3,0,0,0
LAKSHADWEEP,LAKSHADWEEP DISTRICT,2020-10-12T00:00:00+05:30,2,0,2,0,0,0,0,0,0,0,0,0,0,0
LAKSHADWEEP,LAKSHADWEEP DISTRICT,2020-10-13T00:00:00+05:30,2,0,2,0,0,0,0,0,0,0,0,0,0,0
LAKSHADWEEP,LAKSHADWEEP DISTRICT,2020-10-14T00:00:00+05:30,2,0,2,0,0,0,0,0,0,0,0,0,0,0
LAKSHADWEEP,LAKSHADWEEP DISTRICT,2020-10-15T00:00:00+05:30,9,0,1,0,0,0,0,0,6,0,0,0,2,0
LAKSHADWEEP,LAKSHADWEEP DISTRICT,2020-10-16T00:00:00+05:30,4,0,2,0,0,0,0,0,1,0,0,0,1,0
LAKSHADWEEP,LAKSHADWEEP DISTRICT,2020-10-17T00:00:00+05:30,6,0,0,0,0,0,0,0,6,0,0,0,0,0
LAKSHADWEEP,LAKSHADWEEP DISTRICT,2020-10-19T00:00:00+05:30,1,0,1,0,0,0,0,0,0,0,0,0,0,0
LAKSHADWEEP,LAKSHADWEEP DISTRICT,2020-10-20T00:00:00+05:30,8,0,1,0,0,0,0,0,6,0,1,0,0,0
LAKSHADWEEP,LAKSHADWEEP DISTRICT,2020-10-21T00:00:00+05:30,3,0,3,0,0,0,0,0,0,0,0,0,0,0
LAKSHADWEEP,LAKSHADWEEP DISTRICT,2020-10-23T00:00:00+05:30,3,0,2,0,0,0,0,0,0,0,0,0,1,0
LAKSHADWEEP,LAKSHADWEEP DISTRICT,2020-10-24T00:00:00+05:30,3,0,1,0,0,0,0,0,2,0,0,0,0,0
LAKSHADWEEP,LAKSHADWEEP DISTRICT,2020-10-25T00:00:00+05:30,3,0,2,0,1,0,0,0,0,0,0,0,0,0
LAKSHADWEEP,LAKSHADWEEP DISTRICT,2020-10-26T00:00:00+05:30,1,0,1,0,0,0,0,0,0,0,0,0,0,0
LAKSHADWEEP,LAKSHADWEEP DISTRICT,2020-10-27T00:00:00+05:30,6,0,0,0,0,0,0,0,1,0,5,0,0,0
LAKSHADWEEP,LAKSHADWEEP DISTRICT,2020-10-28T00:00:00+05:30,2,0,1,0,0,0,0,0,1,0,0,0,0,0
LAKSHADWEEP,LAKSHADWEEP DISTRICT,2020-10-31T00:00:00+05:30,3,0,1,0,0,0,0,0,0,0,0,0,2,0
LAKSHADWEEP,LAKSHADWEEP DISTRICT,2020-11-02T00:00:00+05:30,3,0,2,0,0,0,0,0,1,0,0,0,0,0
LAKSHADWEEP,LAKSHADWEEP DISTRICT,2020-11-03T00:00:00+05:30,1,0,1,0,0,0,0,0,0,0,0,0,0,0
LAKSHADWEEP,LAKSHADWEEP DISTRICT,2020-11-04T00:00:00+05:30,3,0,0,0,0,0,0,0,1,0,2,0,0,0
LAKSHADWEEP,LAKSHADWEEP DISTRICT,2020-11-05T00:00:00+05:30,3,0,1,0,0,0,0,0,0,0,2,0,0,0
LAKSHADWEEP,LAKSHADWEEP DISTRICT,2020-11-06T00:00:00+05:30,2,0,0,0,0,0,0,0,0,0,0,0,2,0
LAKSHADWEEP,LAKSHADWEEP DISTRICT,2020-11-07T00:00:00+05:30,2,0,0,0,1,0,0,0,1,0,0,0,0,0
LAKSHADWEEP,LAKSHADWEEP DISTRICT,2020-11-08T00:00:00+05:30,2,0,1,0,0,0,0,0,0,0,0,0,1,0
LAKSHADWEEP,LAKSHADWEEP DISTRICT,2020-11-09T00:00:00+05:30,3,0,1,0,0,0,0,0,2,0,0,0,0,0
LAKSHADWEEP,LAKSHADWEEP DISTRICT,2020-11-10T00:00:00+05:30,1,0,1,0,0,0,0,0,0,0,0,0,0,0
LAKSHADWEEP,LAKSHADWEEP DISTRICT,2020-11-12T00:00:00+05:30,3,0,0,0,0,0,0,0,0,0,3,0,0,0
LAKSHADWEEP,LAKSHADWEEP DISTRICT,2020-11-13T00:00:00+05:30,4,0,2,0,0,0,0,0,2,0,0,0,0,0
LAKSHADWEEP,LAKSHADWEEP DISTRICT,2020-11-14T00:00:00+05:30,1,0,0,0,0,0,0,0,1,0,0,0,0,0
LAKSHADWEEP,LAKSHADWEEP DISTRICT,2020-11-15T00:00:00+05:30,1,0,0,0,1,0,0,0,0,0,0,0,0,0
LAKSHADWEEP,LAKSHADWEEP DISTRICT,2020-11-16T00:00:00+05:30,1,0,1,0,0,0,0,0,0,0,0,0,0,0
LAKSHADWEEP,LAKSHADWEEP DISTRICT,2020-11-17T00:00:00+05:30,2,0,2,0,0,0,0,0,0,0,0,0,0,0
LAKSHADWEEP,LAKSHADWEEP DISTRICT,2020-11-18T00:00:00+05:30,3,0,0,0,0,0,0,0,0,0,3,0,0,0
LAKSHADWEEP,LAKSHADWEEP DISTRICT,2020-11-19T00:00:00+05:30,8,0,8,0,0,0,0,0,0,0,0,0,0,0
LAKSHADWEEP,LAKSHADWEEP DISTRICT,2020-11-20T00:00:00+05:30,1,0,0,0,0,0,0,0,0,0,0,0,1,0
LAKSHADWEEP,LAKSHADWEEP DISTRICT,2020-11-21T00:00:00+05:30,1,0,0,0,0,0,0,0,0,0,0,0,1,0
LAKSHADWEEP,LAKSHADWEEP DISTRICT,2020-11-22T00:00:00+05:30,3,0,1,0,0,0,0,0,2,0,0,0,0,0
LAKSHADWEEP,LAKSHADWEEP DISTRICT,2020-11-23T00:00:00+05:30,3,0,0,0,0,0,0,0,3,0,0,0,0,0
LAKSHADWEEP,LAKSHADWEEP DISTRICT,2020-11-24T00:00:00+05:30,1,0,1,0,0,0,0,0,0,0,0,0,0,0
LAKSHADWEEP,LAKSHADWEEP DISTRICT,2020-11-26T00:00:00+05:30,2,0,1,0,0,0,0,0,0,0,0,0,1,0
LAKSHADWEEP,LAKSHADWEEP DISTRICT,2020-11-28T00:00:00+05:30,4,0,4,0,0,0,0,0,0,0,0,0,0,0
LAKSHADWEEP,LAKSHADWEEP DISTRICT,2020-11-30T00:00:00+05:30,2,0,1,0,0,0,0,0,1,0,0,0,0,0
LAKSHADWEEP,LAKSHADWEEP DISTRICT,2020-12-01T00:00:00+05:30,8,0,3,0,0,0,0,0,0,0,5,0,0,0
LAKSHADWEEP,LAKSHADWEEP DISTRICT,2020-12-02T00:00:00+05:30,1,0,1,0,0,0,0,0,0,0,0,0,0,0
LAKSHADWEEP,LAKSHADWEEP DISTRICT,2020-12-04T00:00:00+05:30,1,0,0,0,0,0,0,0,0,0,0,0,1,0
LAKSHADWEEP,LAKSHADWEEP DISTRICT,2020-12-05T00:00:00+05:30,2,0,0,0,0,0,0,0,1,0,1,0,0,0
LAKSHADWEEP,LAKSHADWEEP DISTRICT,2020-12-06T00:00:00+05:30,1,0,0,0,0,0,0,0,0,0,0,0,1,0
LAKSHADWEEP,LAKSHADWEEP DISTRICT,2020-12-07T00:00:00+05:30,2,0,2,0,0,0,0,0,0,0,0,0,0,0
LAKSHADWEEP,LAKSHADWEEP DISTRICT,2020-12-10T00:00:00+05:30,3,0,0,0,0,0,0,0,3,0,0,0,0,0
LAKSHADWEEP,LAKSHADWEEP DISTRICT,2020-12-12T00:00:00+05:30,2,0,1,0,0,0,0,0,1,0,0,0,0,0
LAKSHADWEEP,LAKSHADWEEP DISTRICT,2020-12-15T00:00:00+05:30,32,1,0,0,1,0,0,0,31,1,0,0,0,0
LAKSHADWEEP,LAKSHADWEEP DISTRICT,2020-12-16T00:00:00+05:30,22,0,1,0,0,0,0,0,21,0,0,0,0,0
LAKSHADWEEP,LAKSHADWEEP DISTRICT,2020-12-17T00:00:00+05:30,23,0,1,0,0,0,0,0,22,0,0,0,0,0
LAKSHADWEEP,LAKSHADWEEP DISTRICT,2020-12-18T00:00:00+05:30,25,0,0,0,0,0,0,0,25,0,0,0,0,0
LAKSHADWEEP,LAKSHADWEEP DISTRICT,2020-12-19T00:00:00+05:30,25,0,0,0,0,0,0,0,25,0,0,0,0,0
LAKSHADWEEP,LAKSHADWEEP DISTRICT,2020-12-20T00:00:00+05:30,28,0,1,0,0,0,0,0,27,0,0,0,0,0
LAKSHADWEEP,LAKSHADWEEP DISTRICT,2020-12-21T00:00:00+05:30,17,0,0,0,0,0,0,0,17,0,0,0,0,0
LAKSHADWEEP,LAKSHADWEEP DISTRICT,2020-12-22T00:00:00+05:30,25,0,0,0,0,0,0,0,21,0,4,0,0,0
LAKSHADWEEP,LAKSHADWEEP DISTRICT,2020-12-23T00:00:00+05:30,20,0,0,0,0,0,0,0,20,0,0,0,0,0
LAKSHADWEEP,LAKSHADWEEP DISTRICT,2020-12-24T00:00:00+05:30,26,0,1,0,0,0,0,0,25,0,0,0,0,0
LAKSHADWEEP,LAKSHADWEEP DISTRICT,2020-12-25T00:00:00+05:30,32,0,2,0,0,0,0,0,30,0,0,0,0,0
LAKSHADWEEP,LAKSHADWEEP DISTRICT,2020-12-26T00:00:00+05:30,28,0,0,0,0,0,0,0,28,0,0,0,0,0
LAKSHADWEEP,LAKSHADWEEP DISTRICT,2020-12-27T00:00:00+05:30,59,0,0,0,0,0,0,0,59,0,0,0,0,0
LAKSHADWEEP,LAKSHADWEEP DISTRICT,2020-12-28T00:00:00+05:30,35,0,6,0,0,0,0,0,29,0,0,0,0,0
LAKSHADWEEP,LAKSHADWEEP DISTRICT,2020-12-29T00:00:00+05:30,37,0,0,0,0,0,0,1,36,0,0,0,0,0
LAKSHADWEEP,LAKSHADWEEP DISTRICT,2020-12-30T00:00:00+05:30,40,0,2,0,0,0,0,2,36,0,0,0,0,0
LAKSHADWEEP,LAKSHADWEEP DISTRICT,2020-12-31T00:00:00+05:30,36,0,5,0,0,0,0,0,31,0,0,0,0,0
LAKSHADWEEP,LAKSHADWEEP DISTRICT,2021-01-01T00:00:00+05:30,58,0,0,0,0,0,0,0,58,0,0,0,0,0
LAKSHADWEEP,LAKSHADWEEP DISTRICT,2021-01-02T00:00:00+05:30,70,0,1,0,0,0,0,0,69,0,0,0,0,0
LAKSHADWEEP,LAKSHADWEEP DISTRICT,2021-01-03T00:00:00+05:30,46,0,1,0,0,0,0,0,45,0,0,0,0,0
LAKSHADWEEP,LAKSHADWEEP DISTRICT,2021-01-04T00:00:00+05:30,41,0,0,0,0,0,0,0,41,0,0,0,0,0
LAKSHADWEEP,LAKSHADWEEP DISTRICT,2021-01-05T00:00:00+05:30,58,0,0,0,0,0,0,0,58,0,0,0,0,0
LAKSHADWEEP,LAKSHADWEEP DISTRICT,2021-01-06T00:00:00+05:30,114,0,3,0,1,0,0,0,110,0,0,0,0,0
LAKSHADWEEP,LAKSHADWEEP DISTRICT,2021-01-07T00:00:00+05:30,308,3,1,0,17,2,0,0,289,1,0,0,1,0
LAKSHADWEEP,LAKSHADWEEP DISTRICT,2021-01-08T00:00:00+05:30,68,0,0,0,0,0,0,0,68,0,0,0,0,0
LAKSHADWEEP,LAKSHADWEEP DISTRICT,2021-01-09T00:00:00+05:30,74,0,0,0,0,0,0,0,74,0,0,0,0,0
LAKSHADWEEP,LAKSHADWEEP DISTRICT,2021-01-10T00:00:00+05:30,63,0,0,0,0,0,0,2,61,0,0,0,0,0
LAKSHADWEEP,LAKSHADWEEP DISTRICT,2021-01-11T00:00:00+05:30,69,0,0,0,0,0,0,0,67,0,0,0,2,0
LAKSHADWEEP,LAKSHADWEEP DISTRICT,2021-01-12T00:00:00+05:30,53,0,1,0,0,0,0,0,52,0,0,0,0,0
LAKSHADWEEP,LAKSHADWEEP DISTRICT,2021-01-13T00:00:00+05:30,27,0,0,0,0,0,0,0,27,0,0,0,0,0
LAKSHADWEEP,LAKSHADWEEP DISTRICT,2021-01-14T00:00:00+05:30,1,0,1,0,0,0,0,0,0,0,0,0,0,0
LAKSHADWEEP,LAKSHADWEEP DISTRICT,2021-01-15T00:00:00+05:30,71,0,1,0,0,0,0,0,70,0,0,0,0,0
LAKSHADWEEP,LAKSHADWEEP DISTRICT,2021-01-16T00:00:00+05:30,49,0,2,0,0,0,0,0,47,0,0,0,0,0
LAKSHADWEEP,LAKSHADWEEP DISTRICT,2021-01-17T00:00:00+05:30,49,0,0,0,0,0,0,0,49,0,0,0,0,0
LAKSHADWEEP,LAKSHADWEEP DISTRICT,2021-01-18T00:00:00+05:30,90,0,0,0,0,0,0,0,90,0,0,0,0,0
LAKSHADWEEP,LAKSHADWEEP DISTRICT,2021-01-19T00:00:00+05:30,70,0,6,0,0,0,0,0,64,0,0,0,0,0
LAKSHADWEEP,LAKSHADWEEP DISTRICT,2021-01-20T00:00:00+05:30,85,0,2,0,17,0,0,0,66,0,0,0,0,0
LAKSHADWEEP,LAKSHADWEEP DISTRICT,2021-01-21T00:00:00+05:30,148,0,1,0,1,0,0,0,146,0,0,0,0,0
LAKSHADWEEP,LAKSHADWEEP DISTRICT,2021-01-22T00:00:00+05:30,93,0,2,0,0,0,0,0,91,0,0,0,0,0
LAKSHADWEEP,LAKSHADWEEP DISTRICT,2021-01-23T00:00:00+05:30,165,0,0,0,0,0,0,0,165,0,0,0,0,0
LAKSHADWEEP,LAKSHADWEEP DISTRICT,2021-01-24T00:00:00+05:30,189,0,1,0,0,0,0,0,188,0,0,0,0,0
LAKSHADWEEP,LAKSHADWEEP DISTRICT,2021-01-25T00:00:00+05:30,39,0,3,0,0,0,0,1,35,0,0,0,0,0
LAKSHADWEEP,LAKSHADWEEP DISTRICT,2021-01-26T00:00:00+05:30,57,0,0,0,0,0,0,0,57,0,0,0,0,0
LAKSHADWEEP,LAKSHADWEEP DISTRICT,2021-01-27T00:00:00+05:30,107,0,0,0,0,0,0,0,107,0,0,0,0,0
LAKSHADWEEP,LAKSHADWEEP DISTRICT,2021-01-28T00:00:00+05:30,101,0,0,0,10,0,0,0,91,0,0,0,0,0
LAKSHADWEEP,LAKSHADWEEP DISTRICT,2021-01-29T00:00:00+05:30,186,0,0,0,0,0,0,0,186,0,0,0,0,0
LAKSHADWEEP,LAKSHADWEEP DISTRICT,2021-01-30T00:00:00+05:30,192,1,0,0,8,1,0,0,184,0,0,0,0,0
LAKSHADWEEP,LAKSHADWEEP DISTRICT,2021-01-31T00:00:00+05:30,297,2,1,1,61,1,0,0,235,0,0,0,0,0
LAKSHADWEEP,LAKSHADWEEP DISTRICT,2021-02-01T00:00:00+05:30,101,0,0,0,0,0,0,0,101,0,0,0,0,0
LAKSHADWEEP,LAKSHADWEEP DISTRICT,2021-02-02T00:00:00+05:30,195,0,0,0,5,0,0,0,190,0,0,0,0,0
LAKSHADWEEP,LAKSHADWEEP DISTRICT,2021-02-03T00:00:00+05:30,267,0,3,0,16,0,0,0,248,0,0,0,0,0
LAKSHADWEEP,LAKSHADWEEP DISTRICT,2021-02-04T00:00:00+05:30,317,1,0,0,0,0,0,0,317,1,0,0,0,0
LAKSHADWEEP,LAKSHADWEEP DISTRICT,2021-02-05T00:00:00+05:30,592,1,0,0,91,0,0,0,501,1,0,0,0,0
LAKSHADWEEP,LAKSHADWEEP DISTRICT,2021-02-06T00:00:00+05:30,1054,1,50,0,256,0,0,0,748,1,0,0,0,0
LAKSHADWEEP,LAKSHADWEEP DISTRICT,2021-02-07T00:00:00+05:30,809,0,0,0,140,0,0,0,669,0,0,0,0,0
LAKSHADWEEP,LAKSHADWEEP DISTRICT,2021-02-08T00:00:00+05:30,745,1,0,0,226,0,0,0,519,1,0,0,0,0
LAKSHADWEEP,LAKSHADWEEP DISTRICT,2021-02-09T00:00:00+05:30,644,4,4,2,91,0,0,0,549,2,0,0,0,0
LAKSHADWEEP,LAKSHADWEEP DISTRICT,2021-02-10T00:00:00+05:30,760,2,4,0,78,0,0,0,678,2,0,0,0,0
LAKSHADWEEP,LAKSHADWEEP DISTRICT,2021-02-11T00:00:00+05:30,300,1,0,0,26,0,0,0,274,1,0,0,0,0
LAKSHADWEEP,LAKSHADWEEP DISTRICT,2021-02-12T00:00:00+05:30,456,4,0,0,90,0,0,0,366,4,0,0,0,0
LAKSHADWEEP,LAKSHADWEEP DISTRICT,2021-02-13T00:00:00+05:30,557,3,0,0,44,0,0,0,513,3,0,0,0,0
LAKSHADWEEP,LAKSHADWEEP DISTRICT,2021-02-14T00:00:00+05:30,395,2,20,0,107,0,0,0,268,2,0,0,0,0
LAKSHADWEEP,LAKSHADWEEP DISTRICT,2021-02-15T00:00:00+05:30,1020,5,30,1,62,0,0,0,927,4,0,0,1,0
LAKSHADWEEP,LAKSHADWEEP DISTRICT,2021-02-16T00:00:00+05:30,379,5,4,4,57,0,0,0,318,1,0,0,0,0
LAKSHADWEEP,LAKSHADWEEP DISTRICT,2021-02-17T00:00:00+05:30,277,0,1,0,72,0,0,0,204,0,0,0,0,0
LAKSHADWEEP,LAKSHADWEEP DISTRICT,2021-02-18T00:00:00+05:30,450,1,1,1,116,0,0,0,333,0,0,0,0,0
LAKSHADWEEP,LAKSHADWEEP DISTRICT,2021-02-19T00:00:00+05:30,374,0,3,0,73,0,0,0,298,0,0,0,0,0
LAKSHADWEEP,LAKSHADWEEP DISTRICT,2021-02-20T00:00:00+05:30,224,1,1,1,64,0,0,0,159,0,0,0,0,0
LAKSHADWEEP,LAKSHADWEEP DISTRICT,2021-02-21T00:00:00+05:30,30,0,0,0,0,0,0,0,30,0,0,0,0,0
LAKSHADWEEP,LAKSHADWEEP DISTRICT,2021-02-22T00:00:00+05:30,380,0,3,0,63,0,0,0,314,0,0,0,0,0
LAKSHADWEEP,LAKSHADWEEP DISTRICT,2021-02-23T00:00:00+05:30,437,0,3,0,136,0,0,0,298,0,0,0,0,0
LAKSHADWEEP,LAKSHADWEEP DISTRICT,2021-02-24T00:00:00+05:30,290,0,1,0,37,0,0,0,251,0,0,0,1,0
LAKSHADWEEP,LAKSHADWEEP DISTRICT,2021-02-25T00:00:00+05:30,129,8,9,7,21,0,0,0,99,1,0,0,0,0
LAKSHADWEEP,LAKSHADWEEP DISTRICT,2021-02-26T00:00:00+05:30,174,10,10,10,20,0,0,0,143,0,0,0,1,0
LAKSHADWEEP,LAKSHADWEEP DISTRICT,2021-02-27T00:00:00+05:30,126,1,0,0,25,1,0,0,101,0,0,0,0,0
LAKSHADWEEP,LAKSHADWEEP DISTRICT,2021-02-28T00:00:00+05:30,55,0,1,0,3,0,0,0,50,0,0,0,1,0
LAKSHADWEEP,LAKSHADWEEP DISTRICT,2021-03-01T00:00:00+05:30,227,0,1,0,49,0,0,0,177,0,0,0,0,0
LAKSHADWEEP,LAKSHADWEEP DISTRICT,2021-03-02T00:00:00+05:30,659,19,501,19,16,0,0,0,142,0,0,0,0,0
LAKSHADWEEP,LAKSHADWEEP DISTRICT,2021-03-03T00:00:00+05:30,87,3,0,0,0,0,0,0,87,3,0,0,0,0
LAKSHADWEEP,LAKSHADWEEP DISTRICT,2021-03-04T00:00:00+05:30,143,1,4,0,0,0,0,2,137,1,0,0,0,0
LAKSHADWEEP,LAKSHADWEEP DISTRICT,2021-03-05T00:00:00+05:30,187,2,1,0,18,0,0,0,168,2,0,0,0,0
LAKSHADWEEP,LAKSHADWEEP DISTRICT,2021-03-06T00:00:00+05:30,285,1,104,0,30,0,0,0,151,1,0,0,0,0
LAKSHADWEEP,LAKSHADWEEP DISTRICT,2021-03-07T00:00:00+05:30,273,24,90,24,4,0,0,0,179,0,0,0,0,0
LAKSHADWEEP,LAKSHADWEEP DISTRICT,2021-03-08T00:00:00+05:30,298,30,195,26,12,0,0,0,91,4,0,0,0,0
LAKSHADWEEP,LAKSHADWEEP DISTRICT,2021-03-09T00:00:00+05:30,425,23,268,23,33,0,0,0,124,0,0,0,0,0
LAKSHADWEEP,LAKSHADWEEP DISTRICT,2021-03-10T00:00:00+05:30,316,21,99,6,78,0,0,0,139,15,0,0,0,0
LAKSHADWEEP,LAKSHADWEEP DISTRICT,2021-03-11T00:00:00+05:30,507,30,203,21,70,0,0,0,234,9,0,0,0,0
LAKSHADWEEP,LAKSHADWEEP DISTRICT,2021-03-12T00:00:00+05:30,230,6,3,0,57,0,0,1,169,6,0,0,0,0
LAKSHADWEEP,LAKSHADWEEP DISTRICT,2021-03-13T00:00:00+05:30,472,14,153,13,21,0,0,0,298,1,0,0,0,0
LAKSHADWEEP,LAKSHADWEEP DISTRICT,2021-03-14T00:00:00+05:30,197,1,91,0,1,0,0,0,105,1,0,0,0,0
LAKSHADWEEP,LAKSHADWEEP DISTRICT,2021-03-15T00:00:00+05:30,612,16,234,11,185,2,0,0,192,3,0,0,1,0
LAKSHADWEEP,LAKSHADWEEP DISTRICT,2021-03-16T00:00:00+05:30,440,6,59,4,65,0,0,0,316,2,0,0,0,0
LAKSHADWEEP,LAKSHADWEEP DISTRICT,2021-03-17T00:00:00+05:30,242,7,40,6,24,0,0,0,178,1,0,0,0,0
LAKSHADWEEP,LAKSHADWEEP DISTRICT,2021-03-18T00:00:00+05:30,230,27,112,24,0,0,0,0,118,3,0,0,0,0
LAKSHADWEEP,LAKSHADWEEP DISTRICT,2021-03-19T00:00:00+05:30,336,9,27,8,27,0,0,0,281,1,0,0,1,0
LAKSHADWEEP,LAKSHADWEEP DISTRICT,2021-03-20T00:00:00+05:30,276,2,46,0,50,0,0,0,180,2,0,0,0,0
LAKSHADWEEP,LAKSHADWEEP DISTRICT,2021-03-21T00:00:00+05:30,88,1,3,0,0,0,0,0,85,1,0,0,0,0
LAKSHADWEEP,LAKSHADWEEP DISTRICT,2021-03-22T00:00:00+05:30,312,7,69,7,62,0,0,0,181,0,0,0,0,0
LAKSHADWEEP,LAKSHADWEEP DISTRICT,2021-03-23T00:00:00+05:30,210,0,78,0,48,0,0,0,84,0,0,0,0,0
LAKSHADWEEP,LAKSHADWEEP DISTRICT,2021-03-24T00:00:00+05:30,476,3,232,0,55,0,0,0,189,3,0,0,0,0
LAKSHADWEEP,LAKSHADWEEP DISTRICT,2021-03-25T00:00:00+05:30,269,5,53,2,30,0,0,0,186,3,0,0,0,0
LAKSHADWEEP,LAKSHADWEEP DISTRICT,2021-03-26T00:00:00+05:30,382,0,99,0,99,0,0,0,184,0,0,0,0,0
LAKSHADWEEP,LAKSHADWEEP DISTRICT,2021-03-27T00:00:00+05:30,307,0,88,0,44,0,0,0,175,0,0,0,0,0
LAKSHADWEEP,LAKSHADWEEP DISTRICT,2021-03-28T00:00:00+05:30,164,2,52,0,35,0,0,0,77,2,0,0,0,0
LAKSHADWEEP,LAKSHADWEEP DISTRICT,2021-03-29T00:00:00+05:30,351,0,182,0,95,0,0,0,74,0,0,0,0,0
LAKSHADWEEP,LAKSHADWEEP DISTRICT,2021-03-30T00:00:00+05:30,147,1,7,0,30,0,0,0,110,1,0,0,0,0
LAKSHADWEEP,LAKSHADWEEP DISTRICT,2021-03-31T00:00:00+05:30,171,1,26,1,33,0,0,0,112,0,0,0,0,0
LAKSHADWEEP,LAKSHADWEEP DISTRICT,2021-04-01T00:00:00+05:30,507,5,171,0,45,0,0,0,291,5,0,0,0,0
LAKSHADWEEP,LAKSHADWEEP DISTRICT,2021-04-02T00:00:00+05:30,448,1,159,0,75,0,0,0,214,1,0,0,0,0
LAKSHADWEEP,LAKSHADWEEP DISTRICT,2021-04-03T00:00:00+05:30,461,30,134,25,58,0,0,0,269,5,0,0,0,0
LAKSHADWEEP,LAKSHADWEEP DISTRICT,2021-04-04T00:00:00+05:30,107,18,45,9,1,0,0,0,61,9,0,0,0,0
LAKSHADWEEP,LAKSHADWEEP DISTRICT,2021-04-05T00:00:00+05:30,1452,22,243,11,103,0,0,0,1106,11,0,0,0,0
LAKSHADWEEP,LAKSHADWEEP DISTRICT,2021-04-06T00:00:00+05:30,1728,12,100,6,807,0,0,0,821,6,0,0,0,0
LAKSHADWEEP,LAKSHADWEEP DISTRICT,2021-04-07T00:00:00+05:30,2075,105,203,7,927,0,0,0,945,98,0,0,0,0
LAKSHADWEEP,LAKSHADWEEP DISTRICT,2021-04-08T00:00:00+05:30,723,11,188,5,293,0,0,0,240,6,0,0,2,0
LAKSHADWEEP,LAKSHADWEEP DISTRICT,2021-04-09T00:00:00+05:30,876,33,172,14,351,0,0,0,353,19,0,0,0,0
LAKSHADWEEP,LAKSHADWEEP DISTRICT,2021-04-10T00:00:00+05:30,595,34,97,10,272,0,0,1,225,24,0,0,0,0
LAKSHADWEEP,LAKSHADWEEP DISTRICT,2021-04-11T00:00:00+05:30,912,12,253,0,388,0,0,0,271,12,0,0,0,0
LAKSHADWEEP,LAKSHADWEEP DISTRICT,2021-04-12T00:00:00+05:30,1040,47,253,18,437,0,0,0,349,29,0,0,1,0
LAKSHADWEEP,LAKSHADWEEP DISTRICT,2021-04-13T00:00:00+05:30,960,47,226,16,433,0,0,0,301,31,0,0,0,0
LAKSHADWEEP,LAKSHADWEEP DISTRICT,2021-04-14T00:00:00+05:30,764,39,133,13,338,0,0,0,291,26,0,0,2,0
LAKSHADWEEP,LAKSHADWEEP DISTRICT,2021-04-15T00:00:00+05:30,2415,60,278,12,1732,18,0,0,405,30,0,0,0,0
LAKSHADWEEP,LAKSHADWEEP DISTRICT,2021-04-16T00:00:00+05:30,2643,30,186,0,2194,29,0,0,263,1,0,0,0,0
LAKSHADWEEP,LAKSHADWEEP DISTRICT,2021-04-17T00:00:00+05:30,1897,8,255,1,1398,5,0,0,243,2,0,0,1,0
LAKSHADWEEP,LAKSHADWEEP DISTRICT,2021-04-18T00:00:00+05:30,1632,4,233,0,1107,2,0,0,292,2,0,0,0,0
LAKSHADWEEP,LAKSHADWEEP DISTRICT,2021-04-19T00:00:00+05:30,3631,13,341,6,2631,0,0,0,658,7,0,0,1,0
LAKSHADWEEP,LAKSHADWEEP DISTRICT,2021-04-20T00:00:00+05:30,1482,11,207,0,409,0,0,0,866,11,0,0,0,0
LAKSHADWEEP,LAKSHADWEEP DISTRICT,2021-04-21T00:00:00+05:30,922,34,169,1,275,0,0,0,478,33,0,0,0,0
LAKSHADWEEP,LAKSHADWEEP DISTRICT,2021-04-22T00:00:00+05:30,1184,29,290,15,323,0,0,0,569,14,0,0,2,0
LAKSHADWEEP,LAKSHADWEEP DISTRICT,2021-04-23T00:00:00+05:30,1107,42,147,1,370,0,0,0,590,41,0,0,0,0
LAKSHADWEEP,LAKSHADWEEP DISTRICT,2021-04-24T00:00:00+05:30,1189,54,146,13,299,0,0,0,744,41,0,0,0,0
LAKSHADWEEP,LAKSHADWEEP DISTRICT,2021-04-25T00:00:00+05:30,2606,164,508,70,786,1,0,0,1312,93,0,0,0,0
LAKSHADWEEP,LAKSHADWEEP DISTRICT,2021-04-26T00:00:00+05:30,2723,103,410,1,1055,1,0,0,1258,101,0,0,0,0
LAKSHADWEEP,LAKSHADWEEP DISTRICT,2021-04-27T00:00:00+05:30,3631,81,459,0,1253,0,0,0,1918,81,0,0,1,0
LAKSHADWEEP,LAKSHADWEEP DISTRICT,2021-04-28T00:00:00+05:30,2023,143,207,1,564,0,0,0,1252,142,0,0,0,0
LAKSHADWEEP,LAKSHADWEEP DISTRICT,2021-04-29T00:00:00+05:30,2013,169,66,1,505,0,0,0,1441,168,0,0,1,0
LAKSHADWEEP,LAKSHADWEEP DISTRICT,2021-04-30T00:00:00+05:30,1952,79,53,0,413,1,0,0,1486,78,0,0,0,0
LAKSHADWEEP,LAKSHADWEEP DISTRICT,2021-05-01T00:00:00+05:30,2253,188,182,35,567,0,0,0,1504,153,0,0,0,0
LAKSHADWEEP,LAKSHADWEEP DISTRICT,2021-05-02T00:00:00+05:30,879,120,125,22,347,0,0,0,407,98,0,0,0,0
LAKSHADWEEP,LAKSHADWEEP DISTRICT,2021-05-03T00:00:00+05:30,1812,136,421,43,706,0,0,0,685,93,0,0,0,0
LAKSHADWEEP,LAKSHADWEEP DISTRICT,2021-05-04T00:00:00+05:30,2167,179,404,36,678,0,0,0,1085,143,0,0,0,0
LAKSHADWEEP,LAKSHADWEEP DISTRICT,2021-05-05T00:00:00+05:30,2027,121,177,17,821,0,0,0,1028,104,0,0,1,0
LAKSHADWEEP,LAKSHADWEEP DISTRICT,2021-05-06T00:00:00+05:30,2254,151,381,20,747,0,0,0,1126,131,0,0,0,0
LAKSHADWEEP,LAKSHADWEEP DISTRICT,2021-05-07T00:00:00+05:30,1640,129,85,1,513,0,0,0,1041,128,0,0,1,0
LAKSHADWEEP,LAKSHADWEEP DISTRICT,2021-05-08T00:00:00+05:30,2030,91,226,0,775,0,0,0,1029,91,0,0,0,0
LAKSHADWEEP,LAKSHADWEEP DISTRICT,2021-05-09T00:00:00+05:30,1447,159,296,76,494,1,0,0,657,82,0,0,0,0
LAKSHADWEEP,LAKSHADWEEP DISTRICT,2021-05-10T00:00:00+05:30,905,84,305,51,359,0,0,0,241,33,0,0,0,0
LAKSHADWEEP,LAKSHADWEEP DISTRICT,2021-05-11T00:00:00+05:30,1382,94,290,32,513,0,0,0,579,62,0,0,0,0
LAKSHADWEEP,LAKSHADWEEP DISTRICT,2021-05-12T00:00:00+05:30,2763,242,626,140,1238,0,0,0,898,102,0,0,1,0
LAKSHADWEEP,LAKSHADWEEP DISTRICT,2021-05-13T00:00:00+05:30,1250,87,18,5,251,0,0,0,981,82,0,0,0,0
LAKSHADWEEP,LAKSHADWEEP DISTRICT,2021-05-14T00:00:00+05:30,1372,72,200,1,471,1,0,0,701,70,0,0,0,0
LAKSHADWEEP,LAKSHADWEEP DISTRICT,2021-05-15T00:00:00+05:30,1442,167,28,28,546,0,0,0,868,139,0,0,0,0
LAKSHADWEEP,LAKSHADWEEP DISTRICT,2021-05-16T00:00:00+05:30,1375,141,28,5,455,0,0,0,892,136,0,0,0,0
LAKSHADWEEP,LAKSHADWEEP DISTRICT,2021-05-17T00:00:00+05:30,986,96,54,14,399,0,0,0,533,82,0,0,0,0
LAKSHADWEEP,LAKSHADWEEP DISTRICT,2021-05-18T00:00:00+05:30,2437,161,310,67,1096,0,0,0,1031,94,0,0,0,0
LAKSHADWEEP,LAKSHADWEEP DISTRICT,2021-05-19T00:00:00+05:30,2626,116,336,2,950,1,0,0,1340,113,0,0,0,0
LAKSHADWEEP,LAKSHADWEEP DISTRICT,2021-05-20T00:00:00+05:30,5150,257,364,0,2264,0,0,0,2522,257,0,0,0,0
LAKSHADWEEP,LAKSHADWEEP DISTRICT,2021-05-21T00:00:00+05:30,2671,216,252,42,984,1,0,0,1434,173,0,0,1,0
LAKSHADWEEP,LAKSHADWEEP DISTRICT,2021-05-22T00:00:00+05:30,1011,47,192,6,260,0,0,0,558,41,0,0,1,0
LAKSHADWEEP,LAKSHADWEEP DISTRICT,2021-05-23T00:00:00+05:30,4497,166,134,15,1802,0,0,0,2561,151,0,0,0,0
LAKSHADWEEP,LAKSHADWEEP DISTRICT,2021-05-24T00:00:00+05:30,2456,148,117,20,698,0,0,0,1641,128,0,0,0,0
LAKSHADWEEP,LAKSHADWEEP DISTRICT,2021-05-25T00:00:00+05:30,2229,145,314,58,393,0,0,0,1522,87,0,0,0,0
LAKSHADWEEP,LAKSHADWEEP DISTRICT,2021-05-26T00:00:00+05:30,2942,236,729,114,974,0,0,0,1239,122,0,0,0,0
LAKSHADWEEP,LAKSHADWEEP DISTRICT,2021-05-27T00:00:00+05:30,3262,159,124,29,1368,0,0,0,1770,130,0,0,0,0
LAKSHADWEEP,LAKSHADWEEP DISTRICT,2021-05-28T00:00:00+05:30,2455,135,236,24,947,2,0,0,1271,109,0,0,1,0
LAKSHADWEEP,LAKSHADWEEP DISTRICT,2021-05-29T00:00:00+05:30,2266,99,409,32,833,4,0,0,1024,63,0,0,0,0
LAKSHADWEEP,LAKSHADWEEP DISTRICT,2021-05-30T00:00:00+05:30,2209,96,356,17,401,2,0,0,1452,77,0,0,0,0
LAKSHADWEEP,LAKSHADWEEP DISTRICT,2021-05-31T00:00:00+05:30,1305,101,233,27,259,0,0,0,813,74,0,0,0,0
LAKSHADWEEP,LAKSHADWEEP DISTRICT,2021-06-01T00:00:00+05:30,1497,51,24,7,442,0,0,0,1031,44,0,0,0,0
LAKSHADWEEP,LAKSHADWEEP DISTRICT,2021-06-02T00:00:00+05:30,2132,131,117,32,365,0,0,0,1650,99,0,0,0,0
LAKSHADWEEP,LAKSHADWEEP DISTRICT,2021-06-03T00:00:00+05:30,1438,57,126,18,347,0,0,0,965,39,0,0,0,0
LAKSHADWEEP,LAKSHADWEEP DISTRICT,2021-06-04T00:00:00+05:30,1504,53,208,7,199,0,0,0,1096,46,0,0,1,0
LAKSHADWEEP,LAKSHADWEEP DISTRICT,2021-06-05T00:00:00+05:30,1165,31,163,1,277,0,0,0,725,30,0,0,0,0
LAKSHADWEEP,LAKSHADWEEP DISTRICT,2021-06-06T00:00:00+05:30,1378,32,102,0,363,0,0,0,913,32,0,0,0,0
LAKSHADWEEP,LAKSHADWEEP DISTRICT,2021-06-07T00:00:00+05:30,1223,39,287,25,261,0,0,0,675,14,0,0,0,0
LAKSHADWEEP,LAKSHADWEEP DISTRICT,2021-06-08T00:00:00+05:30,1695,55,230,5,390,0,0,1,1074,50,0,0,0,0
LAKSHADWEEP,LAKSHADWEEP DISTRICT,2021-06-09T00:00:00+05:30,1482,13,231,0,189,0,0,0,1061,13,0,0,1,0
LAKSHADWEEP,LAKSHADWEEP DISTRICT,2021-06-10T00:00:00+05:30,1713,46,174,0,477,0,0,0,1062,46,0,0,0,0
LAKSHADWEEP,LAKSHADWEEP DISTRICT,2021-06-11T00:00:00+05:30,1941,35,153,1,472,0,0,0,1316,34,0,0,0,0
LAKSHADWEEP,LAKSHADWEEP DISTRICT,2021-06-12T00:00:00+05:30,889,11,24,1,100,0,0,0,765,10,0,0,0,0
LAKSHADWEEP,LAKSHADWEEP DISTRICT,2021-06-13T00:00:00+05:30,823,8,1,0,237,1,0,0,585,7,0,0,0,0
LAKSHADWEEP,LAKSHADWEEP DISTRICT,2021-06-14T00:00:00+05:30,2454,49,230,0,892,0,0,0,1332,49,0,0,0,0
LAKSHADWEEP,LAKSHADWEEP DISTRICT,2021-06-15T00:00:00+05:30,891,17,29,0,1,0,0,0,861,17,0,0,0,0
LAKSHADWEEP,LAKSHADWEEP DISTRICT,2021-06-16T00:00:00+05:30,1234,19,24,0,104,0,0,0,1106,19,0,0,0,0
LAKSHADWEEP,LAKSHADWEEP DISTRICT,2021-06-17T00:00:00+05:30,969,11,0,0,41,0,0,0,928,11,0,0,0,0
LAKSHADWEEP,LAKSHADWEEP DISTRICT,2021-06-18T00:00:00+05:30,703,7,1,0,5,0,0,0,697,7,0,0,0,0
LAKSHADWEEP,LAKSHADWEEP DISTRICT,2021-06-19T00:00:00+05:30,2324,10,2,0,824,1,0,0,1498,9,0,0,0,0
LAKSHADWEEP,LAKSHADWEEP DISTRICT,2021-06-20T00:00:00+05:30,1028,5,149,0,246,0,0,0,633,5,0,0,0,0
LAKSHADWEEP,LAKSHADWEEP DISTRICT,2021-06-21T00:00:00+05:30,1251,10,5,0,197,0,0,0,1049,10,0,0,0,0
LAKSHADWEEP,LAKSHADWEEP DISTRICT,2021-06-22T00:00:00+05:30,788,19,23,0,50,0,0,0,715,19,0,0,0,0
LAKSHADWEEP,LAKSHADWEEP DISTRICT,2021-06-23T00:00:00+05:30,1256,28,45,0,250,0,0,0,961,28,0,0,0,0
LAKSHADWEEP,LAKSHADWEEP DISTRICT,2021-06-24T00:00:00+05:30,1338,20,24,0,249,0,0,0,1065,20,0,0,0,0
LAKSHADWEEP,LAKSHADWEEP DISTRICT,2021-06-25T00:00:00+05:30,1618,25,101,5,286,0,0,0,1231,20,0,0,0,0
LAKSHADWEEP,LAKSHADWEEP DISTRICT,2021-06-26T00:00:00+05:30,818,11,36,0,51,0,0,0,731,11,0,0,0,0
LAKSHADWEEP,LAKSHADWEEP DISTRICT,2021-06-27T00:00:00+05:30,684,10,3,0,159,0,0,0,522,10,0,0,0,0
LAKSHADWEEP,LAKSHADWEEP DISTRICT,2021-06-28T00:00:00+05:30,1430,16,21,0,251,0,0,0,1158,16,0,0,0,0
LAKSHADWEEP,LAKSHADWEEP DISTRICT,2021-06-29T00:00:00+05:30,968,7,54,0,109,0,0,0,805,7,0,0,0,0
LAKSHADWEEP,LAKSHADWEEP DISTRICT,2021-06-30T00:00:00+05:30,1366,20,39,0,140,1,0,0,1187,19,0,0,0,0
LAKSHADWEEP,LAKSHADWEEP DISTRICT,2021-07-01T00:00:00+05:30,1053,11,4,0,182,0,0,0,867,11,0,0,0,0
LAKSHADWEEP,LAKSHADWEEP DISTRICT,2021-07-02T00:00:00+05:30,775,16,0,0,33,0,0,0,742,16,0,0,0,0
LAKSHADWEEP,LAKSHADWEEP DISTRICT,2021-07-03T00:00:00+05:30,658,18,8,5,108,0,0,0,542,13,0,0,0,0
LAKSHADWEEP,LAKSHADWEEP DISTRICT,2021-07-04T00:00:00+05:30,295,8,7,7,1,0,0,0,287,1,0,0,0,0
LAKSHADWEEP,LAKSHADWEEP DISTRICT,2021-07-05T00:00:00+05:30,963,15,8,6,80,0,0,0,875,9,0,0,0,0
LAKSHADWEEP,LAKSHADWEEP DISTRICT,2021-07-06T00:00:00+05:30,481,8,4,0,4,0,0,0,473,8,0,0,0,0
LAKSHADWEEP,LAKSHADWEEP DISTRICT,2021-07-07T00:00:00+05:30,1227,5,8,0,187,0,0,0,1032,5,0,0,0,0
LAKSHADWEEP,LAKSHADWEEP DISTRICT,2021-07-08T00:00:00+05:30,736,11,34,0,2,0,0,0,700,11,0,0,0,0
LAKSHADWEEP,LAKSHADWEEP DISTRICT,2021-07-09T00:00:00+05:30,981,7,12,0,80,0,0,0,889,7,0,0,0,0
LAKSHADWEEP,LAKSHADWEEP DISTRICT,2021-07-10T00:00:00+05:30,603,5,84,0,2,0,0,0,517,5,0,0,0,0
LAKSHADWEEP,LAKSHADWEEP DISTRICT,2021-07-11T00:00:00+05:30,437,1,130,0,3,0,0,0,304,1,0,0,0,0
LAKSHADWEEP,LAKSHADWEEP DISTRICT,2021-07-12T00:00:00+05:30,1526,6,17,0,366,0,0,0,1143,6,0,0,0,0
LAKSHADWEEP,LAKSHADWEEP DISTRICT,2021-07-13T00:00:00+05:30,808,4,96,0,3,0,0,0,709,4,0,0,0,0
LAKSHADWEEP,LAKSHADWEEP DISTRICT,2021-07-14T00:00:00+05:30,1367,1,31,0,428,0,0,0,908,1,0,0,0,0
LAKSHADWEEP,LAKSHADWEEP DISTRICT,2021-07-15T00:00:00+05:30,786,7,91,0,107,0,0,0,588,7,0,0,0,0
LAKSHADWEEP,LAKSHADWEEP DISTRICT,2021-07-16T00:00:00+05:30,1794,8,846,3,139,1,0,0,809,4,0,0,0,0
LAKSHADWEEP,LAKSHADWEEP DISTRICT,2021-07-17T00:00:00+05:30,634,3,200,0,0,0,0,0,434,3,0,0,0,0
LAKSHADWEEP,LAKSHADWEEP DISTRICT,2021-07-18T00:00:00+05:30,739,5,260,5,200,0,0,0,278,0,0,0,1,0
LAKSHADWEEP,LAKSHADWEEP DISTRICT,2021-07-19T00:00:00+05:30,1146,3,377,0,187,0,0,0,582,3,0,0,0,0
LAKSHADWEEP,LAKSHADWEEP DISTRICT,2021-07-20T00:00:00+05:30,720,5,107,0,139,1,0,0,474,4,0,0,0,0
LAKSHADWEEP,LAKSHADWEEP DISTRICT,2021-07-21T00:00:00+05:30,114,0,30,0,69,0,0,0,15,0,0,0,0,0
LAKSHADWEEP,LAKSHADWEEP DISTRICT,2021-07-22T00:00:00+05:30,60,0,0,0,0,0,0,0,60,0,0,0,0,0
LAKSHADWEEP,LAKSHADWEEP DISTRICT,2021-07-23T00:00:00+05:30,50,0,45,0,2,0,0,0,3,0,0,0,0,0
LAKSHADWEEP,LAKSHADWEEP DISTRICT,2021-07-24T00:00:00+05:30,26,0,14,0,0,0,0,0,12,0,0,0,0,0
LAKSHADWEEP,LAKSHADWEEP DISTRICT,2021-07-26T00:00:00+05:30,45,0,43,0,0,0,0,0,1,0,0,0,1,0
LAKSHADWEEP,LAKSHADWEEP DISTRICT,2021-07-27T00:00:00+05:30,28,0,26,0,1,0,0,0,1,0,0,0,0,0
LAKSHADWEEP,LAKSHADWEEP DISTRICT,2021-07-28T00:00:00+05:30,49,0,49,0,0,0,0,0,0,0,0,0,0,0
LAKSHADWEEP,LAKSHADWEEP DISTRICT,2021-07-29T00:00:00+05:30,12,2,10,0,0,0,0,0,2,2,0,0,0,0
LAKSHADWEEP,LAKSHADWEEP DISTRICT,2021-07-30T00:00:00+05:30,17,0,15,0,0,0,0,0,0,0,0,0,2,0
LAKSHADWEEP,LAKSHADWEEP DISTRICT,2021-08-01T00:00:00+05:30,1,0,1,0,0,0,0,0,0,0,0,0,0,0
LAKSHADWEEP,LAKSHADWEEP DISTRICT,2021-08-03T00:00:00+05:30,81,2,76,2,5,0,0,0,0,0,0,0,0,0
LAKSHADWEEP,LAKSHADWEEP DISTRICT,2021-08-04T00:00:00+05:30,194,0,54,0,140,0,0,0,0,0,0,0,0,0
LAKSHADWEEP,LAKSHADWEEP DISTRICT,2021-08-05T00:00:00+05:30,479,1,164,1,315,0,0,0,0,0,0,0,0,0
LAKSHADWEEP,LAKSHADWEEP DISTRICT,2021-08-06T00:00:00+05:30,805,4,339,1,466,3,0,0,0,0,0,0,0,0
LAKSHADWEEP,LAKSHADWEEP DISTRICT,2021-08-07T00:00:00+05:30,872,8,286,5,576,3,0,0,0,0,10,1,0,0
LAKSHADWEEP,LAKSHADWEEP DISTRICT,2021-08-08T00:00:00+05:30,1051,4,46,3,930,1,0,0,0,0,0,0,75,0
LAKSHADWEEP,LAKSHADWEEP DISTRICT,2021-08-09T00:00:00+05:30,2314,9,1,0,2192,9,0,0,0,0,27,0,94,0
LAKSHADWEEP,LAKSHADWEEP DISTRICT,2021-08-10T00:00:00+05:30,3643,34,4,0,3499,34,0,0,0,0,4,2,136,0
LAKSHADWEEP,LAKSHADWEEP DISTRICT,2021-08-11T00:00:00+05:30,3097,34,4,0,3066,34,0,0,0,0,0,0,27,0
LAKSHADWEEP,LAKSHADWEEP DISTRICT,2021-08-12T00:00:00+05:30,1702,9,1,0,1679,9,0,0,0,0,11,0,11,0
LAKSHADWEEP,LAKSHADWEEP DISTRICT,2021-08-13T00:00:00+05:30,2361,21,1,1,2282,20,0,0,0,0,6,0,72,0
LAKSHADWEEP,LAKSHADWEEP DISTRICT,2021-08-14T00:00:00+05:30,1641,4,0,0,1624,4,0,0,0,0,0,0,17,0
LAKSHADWEEP,LAKSHADWEEP DISTRICT,2021-08-15T00:00:00+05:30,799,2,1,0,798,2,0,0,0,0,0,0,0,0
LAKSHADWEEP,LAKSHADWEEP DISTRICT,2021-08-16T00:00:00+05:30,991,9,0,0,991,9,0,0,0,0,0,0,0,0
LAKSHADWEEP,LAKSHADWEEP DISTRICT,2021-08-17T00:00:00+05:30,883,2,1,0,879,2,0,0,0,0,2,0,1,0
LAKSHADWEEP,LAKSHADWEEP DISTRICT,2021-08-18T00:00:00+05:30,575,2,2,0,573,2,0,0,0,0,0,0,0,0
LAKSHADWEEP,LAKSHADWEEP DISTRICT,2021-08-19T00:00:00+05:30,616,4,28,4,588,0,0,0,0,0,0,0,0,0
LAKSHADWEEP,LAKSHADWEEP DISTRICT,2021-08-20T00:00:00+05:30,417,2,1,0,416,2,0,0,0,0,0,0,0,0
LAKSHADWEEP,LAKSHADWEEP DISTRICT,2021-08-21T00:00:00+05:30,366,11,13,11,353,0,0,0,0,0,0,0,0,0
LAKSHADWEEP,LAKSHADWEEP DISTRICT,2021-08-22T00:00:00+05:30,230,12,11,11,219,1,0,0,0,0,0,0,0,0
LAKSHADWEEP,LAKSHADWEEP DISTRICT,2021-08-23T00:00:00+05:30,608,3,3,0,605,3,0,0,0,0,0,0,0,0
LAKSHADWEEP,LAKSHADWEEP DISTRICT,2021-08-24T00:00:00+05:30,821,2,0,0,821,2,0,0,0,0,0,0,0,0
LAKSHADWEEP,LAKSHADWEEP DISTRICT,2021-08-25T00:00:00+05:30,765,4,1,0,762,4,0,0,0,0,0,0,2,0
LAKSHADWEEP,LAKSHADWEEP DISTRICT,2021-08-26T00:00:00+05:30,417,14,12,12,400,2,0,0,0,0,0,0,5,0
LAKSHADWEEP,LAKSHADWEEP DISTRICT,2021-08-27T00:00:00+05:30,337,0,2,0,318,0,0,0,0,0,1,0,16,0
LAKSHADWEEP,LAKSHADWEEP DISTRICT,2021-08-28T00:00:00+05:30,345,1,25,0,319,1,0,0,0,0,0,0,1,0
LAKSHADWEEP,LAKSHADWEEP DISTRICT,2021-08-29T00:00:00+05:30,271,0,86,0,169,0,0,0,0,0,0,0,16,0
LAKSHADWEEP,LAKSHADWEEP DISTRICT,2021-08-30T00:00:00+05:30,128,0,13,0,112,0,0,0,0,0,3,1,0,0
LAKSHADWEEP,LAKSHADWEEP DISTRICT,2021-08-31T00:00:00+05:30,438,2,86,0,351,2,0,0,0,0,1,0,0,0
LAKSHADWEEP,LAKSHADWEEP DISTRICT,2021-09-01T00:00:00+05:30,572,0,48,0,514,0,0,0,0,0,10,0,0,0
LAKSHADWEEP,LAKSHADWEEP DISTRICT,2021-09-02T00:00:00+05:30,509,0,117,0,392,0,0,0,0,0,0,0,0,0
LAKSHADWEEP,LAKSHADWEEP DISTRICT,2021-09-03T00:00:00+05:30,374,0,43,0,319,0,0,0,0,0,6,0,6,0
LAKSHADWEEP,LAKSHADWEEP DISTRICT,2021-09-04T00:00:00+05:30,256,0,1,0,233,0,0,2,0,0,9,0,11,0
LAKSHADWEEP,LAKSHADWEEP DISTRICT,2021-09-05T00:00:00+05:30,83,0,0,0,83,0,0,0,0,0,0,0,0,0
LAKSHADWEEP,LAKSHADWEEP DISTRICT,2021-09-06T00:00:00+05:30,664,0,42,0,589,0,0,0,0,0,4,1,29,0
LAKSHADWEEP,LAKSHADWEEP DISTRICT,2021-09-07T00:00:00+05:30,630,1,8,0,613,1,0,0,0,0,4,0,5,0
LAKSHADWEEP,LAKSHADWEEP DISTRICT,2021-09-08T00:00:00+05:30,492,4,34,4,453,0,0,0,0,0,4,0,1,0
LAKSHADWEEP,LAKSHADWEEP DISTRICT,2021-09-09T00:00:00+05:30,489,0,10,0,460,0,0,0,0,0,7,0,12,0
LAKSHADWEEP,LAKSHADWEEP DISTRICT,2021-09-10T00:00:00+05:30,484,0,0,0,483,0,0,0,0,0,0,0,1,0
LAKSHADWEEP,LAKSHADWEEP DISTRICT,2021-09-11T00:00:00+05:30,506,0,1,0,504,0,0,0,0,0,0,0,1,0
LAKSHADWEEP,LAKSHADWEEP DISTRICT,2021-09-12T00:00:00+05:30,114,0,0,0,114,0,0,0,0,0,0,0,0,0
LAKSHADWEEP,LAKSHADWEEP DISTRICT,2021-09-13T00:00:00+05:30,360,0,49,0,311,0,0,0,0,0,0,0,0,0
LAKSHADWEEP,LAKSHADWEEP DISTRICT,2021-09-14T00:00:00+05:30,358,0,65,0,288,0,0,0,0,0,4,0,1,0
LAKSHADWEEP,LAKSHADWEEP DISTRICT,2021-09-15T00:00:00+05:30,259,0,23,0,231,0,0,0,0,0,0,0,5,0
LAKSHADWEEP,LAKSHADWEEP DISTRICT,2021-09-16T00:00:00+05:30,325,0,37,0,287,0,0,0,0,0,1,0,0,0
LAKSHADWEEP,LAKSHADWEEP DISTRICT,2021-09-17T00:00:00+05:30,278,3,52,0,225,3,0,0,0,0,0,0,1,0
LAKSHADWEEP,LAKSHADWEEP DISTRICT,2021-09-18T00:00:00+05:30,265,2,18,0,247,2,0,0,0,0,0,0,0,0
LAKSHADWEEP,LAKSHADWEEP DISTRICT,2021-09-19T00:00:00+05:30,249,0,0,0,249,0,0,0,0,0,0,0,0,0
LAKSHADWEEP,LAKSHADWEEP DISTRICT,2021-09-20T00:00:00+05:30,281,0,22,0,257,0,0,0,0,0,0,0,2,0
LAKSHADWEEP,LAKSHADWEEP DISTRICT,2021-09-21T00:00:00+05:30,203,0,47,0,156,0,0,0,0,0,0,0,0,0
LAKSHADWEEP,LAKSHADWEEP DISTRICT,2021-09-22T00:00:00+05:30,156,0,40,0,116,0,0,0,0,0,0,0,0,0
LAKSHADWEEP,LAKSHADWEEP DISTRICT,2021-09-23T00:00:00+05:30,287,0,53,0,234,0,0,0,0,0,0,0,0,0
LAKSHADWEEP,LAKSHADWEEP DISTRICT,2021-09-24T00:00:00+05:30,241,0,32,0,209,0,0,0,0,0,0,0,0,0
LAKSHADWEEP,LAKSHADWEEP DISTRICT,2021-09-25T00:00:00+05:30,120,0,2,0,117,0,0,0,0,0,0,0,1,0
LAKSHADWEEP,LAKSHADWEEP DISTRICT,2021-09-26T00:00:00+05:30,19,0,2,0,17,0,0,0,0,0,0,0,0,0
LAKSHADWEEP,LAKSHADWEEP DISTRICT,2021-09-27T00:00:00+05:30,261,0,1,0,250,0,0,0,0,0,0,0,10,0
LAKSHADWEEP,LAKSHADWEEP DISTRICT,2021-09-28T00:00:00+05:30,114,0,2,0,108,0,0,0,0,0,0,0,4,0
LAKSHADWEEP,LAKSHADWEEP DISTRICT,2021-09-29T00:00:00+05:30,120,0,2,0,116,0,0,0,0,0,0,0,2,0
LAKSHADWEEP,LAKSHADWEEP DISTRICT,2021-09-30T00:00:00+05:30,121,0,1,0,111,0,0,0,0,0,1,0,8,0
LAKSHADWEEP,LAKSHADWEEP DISTRICT,2021-10-01T00:00:00+05:30,131,0,0,0,113,0,0,0,0,0,0,0,18,0
LAKSHADWEEP,LAKSHADWEEP DISTRICT,2021-10-02T00:00:00+05:30,21,0,0,0,10,0,0,0,0,0,0,0,11,0
LAKSHADWEEP,LAKSHADWEEP DISTRICT,2021-10-03T00:00:00+05:30,12,0,7,0,5,0,0,0,0,0,0,0,0,0
LAKSHADWEEP,LAKSHADWEEP DISTRICT,2021-10-04T00:00:00+05:30,334,0,5,0,319,0,0,0,0,0,0,0,10,0
LAKSHADWEEP,LAKSHADWEEP DISTRICT,2021-10-05T00:00:00+05:30,351,0,66,0,276,0,0,0,0,0,0,0,9,0
LAKSHADWEEP,LAKSHADWEEP DISTRICT,2021-10-06T00:00:00+05:30,271,1,56,0,198,0,0,0,0,0,0,0,17,1
LAKSHADWEEP,LAKSHADWEEP DISTRICT,2021-10-07T00:00:00+05:30,297,0,15,0,249,0,0,0,0,0,0,0,33,0
LAKSHADWEEP,LAKSHADWEEP DISTRICT,2021-10-08T00:00:00+05:30,728,0,10,0,640,0,0,0,0,0,0,0,78,0
LAKSHADWEEP,LAKSHADWEEP DISTRICT,2021-10-09T00:00:00+05:30,874,0,14,0,821,0,0,0,0,0,0,0,39,0
LAKSHADWEEP,LAKSHADWEEP DISTRICT,2021-10-10T00:00:00+05:30,423,0,17,0,405,0,0,0,0,0,0,0,1,0
LAKSHADWEEP,LAKSHADWEEP DISTRICT,2021-10-11T00:00:00+05:30,572,1,3,0,558,0,0,0,0,0,0,0,11,1
LAKSHADWEEP,LAKSHADWEEP DISTRICT,2021-10-12T00:00:00+05:30,734,3,6,0,678,3,0,0,0,0,0,0,50,0
LAKSHADWEEP,LAKSHADWEEP DISTRICT,2021-10-13T00:00:00+05:30,1181,0,5,0,1138,0,0,0,0,0,0,0,38,0
LAKSHADWEEP,LAKSHADWEEP DISTRICT,2021-10-14T00:00:00+05:30,1011,0,10,0,933,0,0,0,0,0,0,0,68,0
LAKSHADWEEP,LAKSHADWEEP DISTRICT,2021-10-15T00:00:00+05:30,274,0,5,0,269,0,0,0,0,0,0,0,0,0
LAKSHADWEEP,LAKSHADWEEP DISTRICT,2021-10-16T00:00:00+05:30,692,0,2,0,623,0,0,0,0,0,0,0,67,0
LAKSHADWEEP,LAKSHADWEEP DISTRICT,2021-10-17T00:00:00+05:30,161,0,5,0,156,0,0,0,0,0,0,0,0,0
LAKSHADWEEP,LAKSHADWEEP DISTRICT,2021-10-18T00:00:00+05:30,464,0,8,0,456,0,0,0,0,0,0,0,0,0
LAKSHADWEEP,LAKSHADWEEP DISTRICT,2021-10-19T00:00:00+05:30,43,0,3,0,40,0,0,0,0,0,0,0,0,0
LAKSHADWEEP,LAKSHADWEEP DISTRICT,2021-10-20T00:00:00+05:30,419,0,1,0,413,0,0,0,0,0,0,0,5,0
LAKSHADWEEP,LAKSHADWEEP DISTRICT,2021-10-21T00:00:00+05:30,481,0,13,0,461,0,0,1,0,0,0,0,6,0
LAKSHADWEEP,LAKSHADWEEP DISTRICT,2021-10-22T00:00:00+05:30,378,0,7,0,371,0,0,0,0,0,0,0,0,0
LAKSHADWEEP,LAKSHADWEEP DISTRICT,2021-10-23T00:00:00+05:30,389,0,1,0,369,0,0,0,0,0,0,0,19,0
LAKSHADWEEP,LAKSHADWEEP DISTRICT,2021-10-24T00:00:00+05:30,57,0,1,0,56,0,0,0,0,0,0,0,0,0
LAKSHADWEEP,LAKSHADWEEP DISTRICT,2021-10-25T00:00:00+05:30,375,0,5,0,370,0,0,0,0,0,0,0,0,0
LAKSHADWEEP,LAKSHADWEEP DISTRICT,2021-10-26T00:00:00+05:30,329,0,3,0,320,0,0,0,0,0,1,0,5,0
LAKSHADWEEP,LAKSHADWEEP DISTRICT,2021-10-27T00:00:00+05:30,305,0,3,0,302,0,0,0,0,0,0,0,0,0
LAKSHADWEEP,LAKSHADWEEP DISTRICT,2021-10-28T00:00:00+05:30,319,0,7,0,301,0,0,0,0,0,2,0,9,0
LAKSHADWEEP,LAKSHADWEEP DISTRICT,2021-10-29T00:00:00+05:30,249,0,7,0,239,0,0,0,0,0,0,0,3,0
LAKSHADWEEP,LAKSHADWEEP DISTRICT,2021-10-30T00:00:00+05:30,159,0,0,0,158,0,0,0,0,0,1,0,0,0
LAKSHADWEEP,LAKSHADWEEP DISTRICT,2021-10-31T00:00:00+05:30,98,0,0,0,98,0,0,0,0,0,0,0,0,0
LAKSHADWEEP,LAKSHADWEEP DISTRICT,2021-11-01T00:00:00+05:30,162,0,3,0,159,0,0,0,0,0,0,0,0,0
LAKSHADWEEP,LAKSHADWEEP DISTRICT,2021-11-02T00:00:00+05:30,114,0,7,0,103,0,0,0,0,0,0,0,4,0
LAKSHADWEEP,LAKSHADWEEP DISTRICT,2021-11-03T00:00:00+05:30,89,0,2,0,87,0,0,0,0,0,0,0,0,0
LAKSHADWEEP,LAKSHADWEEP DISTRICT,2021-11-04T00:00:00+05:30,29,0,1,0,28,0,0,0,0,0,0,0,0,0
LAKSHADWEEP,LAKSHADWEEP DISTRICT,2021-11-05T00:00:00+05:30,96,0,2,0,94,0,0,0,0,0,0,0,0,0
LAKSHADWEEP,LAKSHADWEEP DISTRICT,2021-11-06T00:00:00+05:30,105,0,10,0,95,0,0,0,0,0,0,0,0,0
LAKSHADWEEP,LAKSHADWEEP DISTRICT,2021-11-07T00:00:00+05:30,78,0,1,0,76,0,0,1,0,0,0,0,0,0
LAKSHADWEEP,LAKSHADWEEP DISTRICT,2021-11-08T00:00:00+05:30,130,0,3,0,123,0,0,0,0,0,0,0,4,0
LAKSHADWEEP,LAKSHADWEEP DISTRICT,2021-11-09T00:00:00+05:30,71,0,7,0,63,0,0,0,0,0,0,0,1,0
LAKSHADWEEP,LAKSHADWEEP DISTRICT,2021-11-10T00:00:00+05:30,63,0,0,0,61,0,0,0,0,0,0,0,2,0
LAKSHADWEEP,LAKSHADWEEP DISTRICT,2021-11-11T00:00:00+05:30,106,0,10,0,95,0,0,0,0,0,0,0,1,0
LAKSHADWEEP,LAKSHADWEEP DISTRICT,2021-11-12T00:00:00+05:30,53,0,3,0,50,0,0,0,0,0,0,0,0,0
LAKSHADWEEP,LAKSHADWEEP DISTRICT,2021-11-13T00:00:00+05:30,28,0,1,0,27,0,0,0,0,0,0,0,0,0
LAKSHADWEEP,LAKSHADWEEP DISTRICT,2021-11-14T00:00:00+05:30,12,0,3,0,9,0,0,0,0,0,0,0,0,0
LAKSHADWEEP,LAKSHADWEEP DISTRICT,2021-11-15T00:00:00+05:30,73,0,2,0,69,0,0,0,0,0,0,0,2,0
LAKSHADWEEP,LAKSHADWEEP DISTRICT,2021-11-16T00:00:00+05:30,245,0,5,0,240,0,0,0,0,0,0,0,0,0
LAKSHADWEEP,LAKSHADWEEP DISTRICT,2021-11-17T00:00:00+05:30,302,0,1,0,301,0,0,0,0,0,0,0,0,0
LAKSHADWEEP,LAKSHADWEEP DISTRICT,2021-11-18T00:00:00+05:30,384,4,9,0,372,4,0,0,0,0,0,0,3,0
LAKSHADWEEP,LAKSHADWEEP DISTRICT,2021-11-19T00:00:00+05:30,26,0,0,0,26,0,0,0,0,0,0,0,0,0
LAKSHADWEEP,LAKSHADWEEP DISTRICT,2021-11-20T00:00:00+05:30,360,0,11,0,349,0,0,0,0,0,0,0,0,0
LAKSHADWEEP,LAKSHADWEEP DISTRICT,2021-11-21T00:00:00+05:30,244,0,72,0,172,0,0,0,0,0,0,0,0,0
LAKSHADWEEP,LAKSHADWEEP DISTRICT,2021-11-22T00:00:00+05:30,598,6,51,0,547,6,0,0,0,0,0,0,0,0
LAKSHADWEEP,LAKSHADWEEP DISTRICT,2021-11-23T00:00:00+05:30,568,6,5,0,561,6,0,0,0,0,2,0,0,0
LAKSHADWEEP,LAKSHADWEEP DISTRICT,2021-11-24T00:00:00+05:30,459,2,0,0,459,2,0,0,0,0,0,0,0,0
LAKSHADWEEP,LAKSHADWEEP DISTRICT,2021-11-25T00:00:00+05:30,481,1,27,0,454,1,0,0,0,0,0,0,0,0
LAKSHADWEEP,LAKSHADWEEP DISTRICT,2021-11-26T00:00:00+05:30,408,0,0,0,408,0,0,0,0,0,0,0,0,0
LAKSHADWEEP,LAKSHADWEEP DISTRICT,2021-11-27T00:00:00+05:30,419,0,1,0,418,0,0,0,0,0,0,0,0,0
LAKSHADWEEP,LAKSHADWEEP DISTRICT,2021-11-28T00:00:00+05:30,138,1,2,0,136,1,0,0,0,0,0,0,0,0
LAKSHADWEEP,LAKSHADWEEP DISTRICT,2021-11-29T00:00:00+05:30,468,0,4,0,464,0,0,0,0,0,0,0,0,0
LAKSHADWEEP,LAKSHADWEEP DISTRICT,2021-11-30T00:00:00+05:30,461,0,0,0,459,0,0,1,0,0,1,0,0,0
LAKSHADWEEP,LAKSHADWEEP DISTRICT,2021-12-01T00:00:00+05:30,384,3,3,1,375,2,0,0,0,0,0,0,6,0
LAKSHADWEEP,LAKSHADWEEP DISTRICT,2021-12-02T00:00:00+05:30,390,0,4,0,385,0,0,0,0,0,1,0,0,0
LAKSHADWEEP,LAKSHADWEEP DISTRICT,2021-12-03T00:00:00+05:30,356,11,13,11,343,0,0,0,0,0,0,0,0,0
LAKSHADWEEP,LAKSHADWEEP DISTRICT,2021-12-04T00:00:00+05:30,324,7,22,0,302,7,0,0,0,0,0,0,0,0
LAKSHADWEEP,LAKSHADWEEP DISTRICT,2021-12-05T00:00:00+05:30,186,0,11,0,175,0,0,0,0,0,0,0,0,0
LAKSHADWEEP,LAKSHADWEEP DISTRICT,2021-12-06T00:00:00+05:30,571,5,53,5,510,0,0,0,0,0,0,0,8,0
LAKSHADWEEP,LAKSHADWEEP DISTRICT,2021-12-07T00:00:00+05:30,361,1,47,0,314,1,0,0,0,0,0,0,0,0
LAKSHADWEEP,LAKSHADWEEP DISTRICT,2021-12-08T00:00:00+05:30,510,0,72,0,438,0,0,0,0,0,0,0,0,0
LAKSHADWEEP,LAKSHADWEEP DISTRICT,2021-12-09T00:00:00+05:30,384,0,35,0,348,0,0,0,0,0,1,0,0,0
LAKSHADWEEP,LAKSHADWEEP DISTRICT,2021-12-10T00:00:00+05:30,259,0,33,0,212,0,0,0,0,0,14,0,0,0
LAKSHADWEEP,LAKSHADWEEP DISTRICT,2021-12-11T00:00:00+05:30,296,1,43,0,252,1,0,1,0,0,0,0,0,0
LAKSHADWEEP,LAKSHADWEEP DISTRICT,2021-12-12T00:00:00+05:30,129,1,23,1,106,0,0,0,0,0,0,0,0,0
LAKSHADWEEP,LAKSHADWEEP DISTRICT,2021-12-13T00:00:00+05:30,349,0,29,0,320,0,0,0,0,0,0,0,0,0
LAKSHADWEEP,LAKSHADWEEP DISTRICT,2021-12-14T00:00:00+05:30,254,0,2,0,252,0,0,0,0,0,0,0,0,0
LAKSHADWEEP,LAKSHADWEEP DISTRICT,2021-12-15T00:00:00+05:30,280,0,2,0,276,0,0,0,0,0,1,1,1,0
LAKSHADWEEP,LAKSHADWEEP DISTRICT,2021-12-16T00:00:00+05:30,305,0,66,0,239,0,0,0,0,0,0,0,0,0
LAKSHADWEEP,LAKSHADWEEP DISTRICT,2021-12-17T00:00:00+05:30,317,1,57,1,255,0,0,0,0,0,5,0,0,0
LAKSHADWEEP,LAKSHADWEEP DISTRICT,2021-12-18T00:00:00+05:30,346,0,39,0,307,0,0,0,0,0,0,0,0,0
LAKSHADWEEP,LAKSHADWEEP DISTRICT,2021-12-19T00:00:00+05:30,287,0,97,0,190,0,0,0,0,0,0,0,0,0
LAKSHADWEEP,LAKSHADWEEP DISTRICT,2021-12-20T00:00:00+05:30,310,4,15,4,294,0,0,1,0,0,0,0,0,0
LAKSHADWEEP,LAKSHADWEEP DISTRICT,2021-12-21T00:00:00+05:30,392,7,107,7,285,0,0,0,0,0,0,0,0,0
LAKSHADWEEP,LAKSHADWEEP DISTRICT,2021-12-22T00:00:00+05:30,460,1,61,1,399,0,0,0,0,0,0,0,0,0
LAKSHADWEEP,LAKSHADWEEP DISTRICT,2021-12-23T00:00:00+05:30,452,1,82,1,370,0,0,0,0,0,0,0,0,0
LAKSHADWEEP,LAKSHADWEEP DISTRICT,2021-12-24T00:00:00+05:30,331,1,25,0,306,1,0,0,0,0,0,0,0,0
LAKSHADWEEP,LAKSHADWEEP DISTRICT,2021-12-25T00:00:00+05:30,175,2,30,2,145,0,0,0,0,0,0,0,0,0
LAKSHADWEEP,LAKSHADWEEP DISTRICT,2021-12-26T00:00:00+05:30,73,0,1,0,72,0,0,0,0,0,0,0,0,0
LAKSHADWEEP,LAKSHADWEEP DISTRICT,2021-12-27T00:00:00+05:30,373,0,0,0,373,0,0,0,0,0,0,0,0,0
LAKSHADWEEP,LAKSHADWEEP DISTRICT,2021-12-28T00:00:00+05:30,365,0,48,0,317,0,0,0,0,0,0,0,0,0
LAKSHADWEEP,LAKSHADWEEP DISTRICT,2021-12-29T00:00:00+05:30,367,1,49,1,318,0,0,0,0,0,0,0,0,0
LAKSHADWEEP,LAKSHADWEEP DISTRICT,2021-12-30T00:00:00+05:30,391,1,39,1,352,0,0,0,0,0,0,0,0,0
LAKSHADWEEP,LAKSHADWEEP DISTRICT,2021-12-31T00:00:00+05:30,226,0,26,0,200,0,0,0,0,0,0,0,0,0
LAKSHADWEEP,LAKSHADWEEP DISTRICT,2022-01-01T00:00:00+05:30,166,0,42,0,124,0,0,0,0,0,0,0,0,0
LAKSHADWEEP,LAKSHADWEEP DISTRICT,2022-01-02T00:00:00+05:30,129,4,55,3,73,0,1,1,0,0,0,0,0,0
LAKSHADWEEP,LAKSHADWEEP DISTRICT,2022-01-03T00:00:00+05:30,281,0,33,0,248,0,0,0,0,0,0,0,0,0
LAKSHADWEEP,LAKSHADWEEP DISTRICT,2022-01-04T00:00:00+05:30,235,0,93,0,142,0,0,0,0,0,0,0,0,0
LAKSHADWEEP,LAKSHADWEEP DISTRICT,2022-01-05T00:00:00+05:30,212,0,47,0,164,0,0,1,0,0,0,0,0,0
LAKSHADWEEP,LAKSHADWEEP DISTRICT,2022-01-06T00:00:00+05:30,368,1,64,0,304,1,0,0,0,0,0,0,0,0
LAKSHADWEEP,LAKSHADWEEP DISTRICT,2022-01-07T00:00:00+05:30,412,0,44,0,360,0,0,8,0,0,0,0,0,0
LAKSHADWEEP,LAKSHADWEEP DISTRICT,2022-01-08T00:00:00+05:30,333,0,47,0,286,0,0,0,0,0,0,0,0,0
LAKSHADWEEP,LAKSHADWEEP DISTRICT,2022-01-09T00:00:00+05:30,178,0,63,0,115,0,0,0,0,0,0,0,0,0
LAKSHADWEEP,LAKSHADWEEP DISTRICT,2022-01-10T00:00:00+05:30,513,1,39,0,473,1,0,0,0,0,1,0,0,0
LAKSHADWEEP,LAKSHADWEEP DISTRICT,2022-01-11T00:00:00+05:30,505,3,42,1,463,2,0,0,0,0,0,0,0,0
LAKSHADWEEP,LAKSHADWEEP DISTRICT,2022-01-12T00:00:00+05:30,643,11,49,2,594,9,0,0,0,0,0,0,0,0
LAKSHADWEEP,LAKSHADWEEP DISTRICT,2022-01-13T00:00:00+05:30,540,1,80,1,460,0,0,0,0,0,0,0,0,0
LAKSHADWEEP,LAKSHADWEEP DISTRICT,2022-01-14T00:00:00+05:30,621,9,33,0,588,9,0,0,0,0,0,0,0,0
LAKSHADWEEP,LAKSHADWEEP DISTRICT,2022-01-15T00:00:00+05:30,470,10,71,3,399,7,0,0,0,0,0,0,0,0
LAKSHADWEEP,LAKSHADWEEP DISTRICT,2022-01-16T00:00:00+05:30,212,15,42,3,170,12,0,0,0,0,0,0,0,0
LAKSHADWEEP,LAKSHADWEEP DISTRICT,2022-01-17T00:00:00+05:30,570,25,13,0,554,25,0,2,0,0,0,0,1,0
LAKSHADWEEP,LAKSHADWEEP DISTRICT,2022-01-18T00:00:00+05:30,895,24,39,8,856,16,0,0,0,0,0,0,0,0
LAKSHADWEEP,LAKSHADWEEP DISTRICT,2022-01-19T00:00:00+05:30,703,41,33,8,669,33,0,1,0,0,0,0,0,0
LAKSHADWEEP,LAKSHADWEEP DISTRICT,2022-01-20T00:00:00+05:30,799,40,46,1,747,39,0,0,0,0,1,1,5,0
LAKSHADWEEP,LAKSHADWEEP DISTRICT,2022-01-21T00:00:00+05:30,960,35,7,2,953,33,0,0,0,0,0,0,0,0
LAKSHADWEEP,LAKSHADWEEP DISTRICT,2022-01-22T00:00:00+05:30,617,36,40,4,576,32,0,1,0,0,0,0,0,0
LAKSHADWEEP,LAKSHADWEEP DISTRICT,2022-01-23T00:00:00+05:30,266,22,39,2,208,20,0,0,0,0,19,2,0,0
LAKSHADWEEP,LAKSHADWEEP DISTRICT,2022-01-24T00:00:00+05:30,857,36,46,0,731,35,0,0,0,0,10,0,70,1
LAKSHADWEEP,LAKSHADWEEP DISTRICT,2022-01-25T00:00:00+05:30,974,40,150,15,776,25,0,0,0,0,26,0,22,0
LAKSHADWEEP,LAKSHADWEEP DISTRICT,2022-01-26T00:00:00+05:30,599,29,156,15,423,14,0,0,0,0,20,0,0,0
LAKSHADWEEP,LAKSHADWEEP DISTRICT,2022-01-27T00:00:00+05:30,993,42,145,5,830,36,0,0,0,0,17,0,1,1
LAKSHADWEEP,LAKSHADWEEP DISTRICT,2022-01-28T00:00:00+05:30,1331,51,139,8,1143,42,0,0,0,0,44,2,5,1
LAKSHADWEEP,LAKSHADWEEP DISTRICT,2022-01-29T00:00:00+05:30,1218,51,93,5,1026,46,0,0,0,0,15,0,84,0
LAKSHADWEEP,LAKSHADWEEP DISTRICT,2022-01-30T00:00:00+05:30,874,18,70,4,762,14,0,0,0,0,42,3,0,0
LAKSHADWEEP,LAKSHADWEEP DISTRICT,2022-01-31T00:00:00+05:30,1341,24,12,0,1266,24,0,0,0,0,31,1,32,0
LAKSHADWEEP,LAKSHADWEEP DISTRICT,2022-02-01T00:00:00+05:30,1431,76,120,9,1185,63,0,0,0,0,14,0,112,4
LAKSHADWEEP,LAKSHADWEEP DISTRICT,2022-02-02T00:00:00+05:30,955,28,66,5,812,22,0,0,0,0,38,3,39,1
LAKSHADWEEP,LAKSHADWEEP DISTRICT,2022-02-03T00:00:00+05:30,801,21,60,5,625,10,0,0,0,0,57,3,59,6
LAKSHADWEEP,LAKSHADWEEP DISTRICT,2022-02-04T00:00:00+05:30,891,16,102,5,693,9,0,0,0,0,50,1,46,2
LAKSHADWEEP,LAKSHADWEEP DISTRICT,2022-02-05T00:00:00+05:30,933,9,23,0,763,9,0,0,0,0,61,2,86,0
LAKSHADWEEP,LAKSHADWEEP DISTRICT,2022-02-06T00:00:00+05:30,604,10,45,2,455,6,0,0,0,0,42,1,62,2
LAKSHADWEEP,LAKSHADWEEP DISTRICT,2022-02-07T00:00:00+05:30,1086,27,185,11,785,16,0,0,0,0,15,0,101,0
LAKSHADWEEP,LAKSHADWEEP DISTRICT,2022-02-08T00:00:00+05:30,896,17,195,2,625,15,0,0,0,0,7,2,69,0
LAKSHADWEEP,LAKSHADWEEP DISTRICT,2022-02-09T00:00:00+05:30,866,9,175,1,682,7,0,0,0,0,0,0,9,1
LAKSHADWEEP,LAKSHADWEEP DISTRICT,2022-02-10T00:00:00+05:30,629,8,148,3,481,5,0,0,0,0,0,0,0,0
LAKSHADWEEP,LAKSHADWEEP DISTRICT,2022-02-11T00:00:00+05:30,539,15,110,7,425,8,0,0,0,0,1,0,3,0
LAKSHADWEEP,LAKSHADWEEP DISTRICT,2022-02-12T00:00:00+05:30,522,10,62,2,452,6,0,0,0,0,0,0,8,2
LAKSHADWEEP,LAKSHADWEEP DISTRICT,2022-02-13T00:00:00+05:30,231,12,27,0,204,12,0,0,0,0,0,0,0,0
LAKSHADWEEP,LAKSHADWEEP DISTRICT,2022-02-14T00:00:00+05:30,599,23,83,6,514,17,0,0,0,0,0,0,2,0
LAKSHADWEEP,LAKSHADWEEP DISTRICT,2022-02-15T00:00:00+05:30,484,9,33,1,430,7,0,0,0,0,1,0,20,1
LAKSHADWEEP,LAKSHADWEEP DISTRICT,2022-02-16T00:00:00+05:30,262,2,15,0,245,1,0,0,0,0,0,0,2,1
LAKSHADWEEP,LAKSHADWEEP DISTRICT,2022-02-17T00:00:00+05:30,397,16,84,12,313,4,0,0,0,0,0,0,0,0
LAKSHADWEEP,LAKSHADWEEP DISTRICT,2022-02-18T00:00:00+05:30,290,5,23,1,267,4,0,0,0,0,0,0,0,0
LAKSHADWEEP,LAKSHADWEEP DISTRICT,2022-02-19T00:00:00+05:30,243,2,9,0,233,2,0,0,0,0,0,0,1,0
LAKSHADWEEP,LAKSHADWEEP DISTRICT,2022-02-20T00:00:00+05:30,93,6,31,4,62,2,0,0,0,0,0,0,0,0
LAKSHADWEEP,LAKSHADWEEP DISTRICT,2022-02-21T00:00:00+05:30,427,9,158,8,269,1,0,0,0,0,0,0,0,0
LAKSHADWEEP,LAKSHADWEEP DISTRICT,2022-02-22T00:00:00+05:30,429,14,182,10,247,4,0,0,0,0,0,0,0,0
LAKSHADWEEP,LAKSHADWEEP DISTRICT,2022-02-23T00:00:00+05:30,318,8,62,5,256,3,0,0,0,0,0,0,0,0
LAKSHADWEEP,LAKSHADWEEP DISTRICT,2022-02-24T00:00:00+05:30,307,1,104,1,203,0,0,0,0,0,0,0,0,0
LAKSHADWEEP,LAKSHADWEEP DISTRICT,2022-02-25T00:00:00+05:30,328,2,115,0,213,2,0,0,0,0,0,0,0,0
LAKSHADWEEP,LAKSHADWEEP DISTRICT,2022-02-26T00:00:00+05:30,281,3,81,2,200,1,0,0,0,0,0,0,0,0
LAKSHADWEEP,LAKSHADWEEP DISTRICT,2022-02-27T00:00:00+05:30,307,0,250,0,56,0,0,0,0,0,0,0,1,0
LAKSHADWEEP,LAKSHADWEEP DISTRICT,2022-02-28T00:00:00+05:30,242,1,57,0,185,1,0,0,0,0,0,0,0,0
LAKSHADWEEP,LAKSHADWEEP DISTRICT,2022-03-01T00:00:00+05:30,140,0,98,0,42,0,0,0,0,0,0,0,0,0
LAKSHADWEEP,LAKSHADWEEP DISTRICT,2022-03-02T00:00:00+05:30,349,1,134,0,215,1,0,0,0,0,0,0,0,0
LAKSHADWEEP,LAKSHADWEEP DISTRICT,2022-03-03T00:00:00+05:30,274,0,126,0,147,0,0,0,0,0,0,0,1,0
LAKSHADWEEP,LAKSHADWEEP DISTRICT,2022-03-04T00:00:00+05:30,177,0,39,0,138,0,0,0,0,0,0,0,0,0
LAKSHADWEEP,LAKSHADWEEP DISTRICT,2022-03-05T00:00:00+05:30,145,0,23,0,122,0,0,0,0,0,0,0,0,0
LAKSHADWEEP,LAKSHADWEEP DISTRICT,2022-03-06T00:00:00+05:30,46,0,4,0,42,0,0,0,0,0,0,0,0,0
LAKSHADWEEP,LAKSHADWEEP DISTRICT,2022-03-07T00:00:00+05:30,154,1,1,0,153,1,0,0,0,0,0,0,0,0
LAKSHADWEEP,LAKSHADWEEP DISTRICT,2022-03-08T00:00:00+05:30,181,0,3,0,178,0,0,0,0,0,0,0,0,0
LAKSHADWEEP,LAKSHADWEEP DISTRICT,2022-03-09T00:00:00+05:30,70,0,1,0,69,0,0,0,0,0,0,0,0,0
LAKSHADWEEP,LAKSHADWEEP DISTRICT,2022-03-10T00:00:00+05:30,113,0,8,0,105,0,0,0,0,0,0,0,0,0
LAKSHADWEEP,LAKSHADWEEP DISTRICT,2022-03-11T00:00:00+05:30,192,1,23,0,169,1,0,0,0,0,0,0,0,0
LAKSHADWEEP,LAKSHADWEEP DISTRICT,2022-03-12T00:00:00+05:30,113,0,5,0,108,0,0,0,0,0,0,0,0,0
LAKSHADWEEP,LAKSHADWEEP DISTRICT,2022-03-13T00:00:00+05:30,17,0,0,0,17,0,0,0,0,0,0,0,0,0
LAKSHADWEEP,LAKSHADWEEP DISTRICT,2022-03-14T00:00:00+05:30,88,0,2,0,86,0,0,0,0,0,0,0,0,0
LAKSHADWEEP,LAKSHADWEEP DISTRICT,2022-03-15T00:00:00+05:30,92,0,6,0,86,0,0,0,0,0,0,0,0,0
LAKSHADWEEP,LAKSHADWEEP DISTRICT,2022-03-16T00:00:00+05:30,76,0,1,0,74,0,0,0,0,0,0,0,1,0
LAKSHADWEEP,LAKSHADWEEP DISTRICT,2022-03-17T00:00:00+05:30,41,0,1,0,40,0,0,0,0,0,0,0,0,0
LAKSHADWEEP,LAKSHADWEEP DISTRICT,2022-03-18T00:00:00+05:30,2,0,0,0,2,0,0,0,0,0,0,0,0,0
LAKSHADWEEP,LAKSHADWEEP DISTRICT,2022-03-19T00:00:00+05:30,56,0,4,0,52,0,0,0,0,0,0,0,0,0
LAKSHADWEEP,LAKSHADWEEP DISTRICT,2022-03-20T00:00:00+05:30,7,0,5,0,2,0,0,0,0,0,0,0,0,0
LAKSHADWEEP,LAKSHADWEEP DISTRICT,2022-03-21T00:00:00+05:30,56,0,5,0,51,0,0,0,0,0,0,0,0,0
LAKSHADWEEP,LAKSHADWEEP DISTRICT,2022-03-22T00:00:00+05:30,62,1,16,0,46,1,0,0,0,0,0,0,0,0
LAKSHADWEEP,LAKSHADWEEP DISTRICT,2022-03-23T00:00:00+05:30,27,0,1,0,26,0,0,0,0,0,0,0,0,0
LAKSHADWEEP,LAKSHADWEEP DISTRICT,2022-03-24T00:00:00+05:30,55,0,1,0,54,0,0,0,0,0,0,0,0,0
LAKSHADWEEP,LAKSHADWEEP DISTRICT,2022-03-25T00:00:00+05:30,14,0,0,0,14,0,0,0,0,0,0,0,0,0
LAKSHADWEEP,LAKSHADWEEP DISTRICT,2022-03-26T00:00:00+05:30,49,0,0,0,49,0,0,0,0,0,0,0,0,0
LAKSHADWEEP,LAKSHADWEEP DISTRICT,2022-03-27T00:00:00+05:30,1,0,0,0,1,0,0,0,0,0,0,0,0,0
LAKSHADWEEP,LAKSHADWEEP DISTRICT,2022-03-28T00:00:00+05:30,51,0,0,0,51,0,0,0,0,0,0,0,0,0
LAKSHADWEEP,LAKSHADWEEP DISTRICT,2022-03-29T00:00:00+05:30,40,0,0,0,40,0,0,0,0,0,0,0,0,0
LAKSHADWEEP,LAKSHADWEEP DISTRICT,2022-03-30T00:00:00+05:30,28,0,0,0,28,0,0,0,0,0,0,0,0,0
LAKSHADWEEP,LAKSHADWEEP DISTRICT,2022-03-31T00:00:00+05:30,14,0,0,0,14,0,0,0,0,0,0,0,0,0
LAKSHADWEEP,LAKSHADWEEP DISTRICT,2022-04-01T00:00:00+05:30,30,0,1,0,29,0,0,0,0,0,0,0,0,0
LAKSHADWEEP,LAKSHADWEEP DISTRICT,2022-04-02T00:00:00+05:30,26,0,5,0,21,0,0,0,0,0,0,0,0,0
LAKSHADWEEP,LAKSHADWEEP DISTRICT,2022-04-03T00:00:00+05:30,8,0,8,0,0,0,0,0,0,0,0,0,0,0
LAKSHADWEEP,LAKSHADWEEP DISTRICT,2022-04-04T00:00:00+05:30,23,0,0,0,23,0,0,0,0,0,0,0,0,0
LAKSHADWEEP,LAKSHADWEEP DISTRICT,2022-04-05T00:00:00+05:30,14,0,0,0,14,0,0,0,0,0,0,0,0,0
LAKSHADWEEP,LAKSHADWEEP DISTRICT,2022-04-06T00:00:00+05:30,24,0,0,0,24,0,0,0,0,0,0,0,0,0
LAKSHADWEEP,LAKSHADWEEP DISTRICT,2022-04-07T00:00:00+05:30,16,0,0,0,16,0,0,0,0,0,0,0,0,0
LAKSHADWEEP,LAKSHADWEEP DISTRICT,2022-04-08T00:00:00+05:30,10,0,0,0,10,0,0,0,0,0,0,0,0,0
LAKSHADWEEP,LAKSHADWEEP DISTRICT,2022-04-09T00:00:00+05:30,20,0,0,0,20,0,0,0,0,0,0,0,0,0
LAKSHADWEEP,LAKSHADWEEP DISTRICT,2022-04-10T00:00:00+05:30,1,0,0,0,1,0,0,0,0,0,0,0,0,0
LAKSHADWEEP,LAKSHADWEEP DISTRICT,2022-04-11T00:00:00+05:30,12,0,0,0,12,0,0,0,0,0,0,0,0,0
LAKSHADWEEP,LAKSHADWEEP DISTRICT,2022-04-12T00:00:00+05:30,9,0,0,0,9,0,0,0,0,0,0,0,0,0
LAKSHADWEEP,LAKSHADWEEP DISTRICT,2022-04-13T00:00:00+05:30,7,0,0,0,7,0,0,0,0,0,0,0,0,0
LAKSHADWEEP,LAKSHADWEEP DISTRICT,2022-04-15T00:00:00+05:30,1,0,1,0,0,0,0,0,0,0,0,0,0,0
LAKSHADWEEP,LAKSHADWEEP DISTRICT,2022-04-16T00:00:00+05:30,10,0,0,0,10,0,0,0,0,0,0,0,0,0
LAKSHADWEEP,LAKSHADWEEP DISTRICT,2022-04-18T00:00:00+05:30,9,0,5,0,4,0,0,0,0,0,0,0,0,0
LAKSHADWEEP,LAKSHADWEEP DISTRICT,2022-04-19T00:00:00+05:30,45,0,0,0,45,0,0,0,0,0,0,0,0,0
LAKSHADWEEP,LAKSHADWEEP DISTRICT,2022-04-20T00:00:00+05:30,68,0,0,0,68,0,0,0,0,0,0,0,0,0
LAKSHADWEEP,LAKSHADWEEP DISTRICT,2022-04-21T00:00:00+05:30,33,0,1,0,32,0,0,0,0,0,0,0,0,0
LAKSHADWEEP,LAKSHADWEEP DISTRICT,2022-04-22T00:00:00+05:30,29,0,0,0,29,0,0,0,0,0,0,0,0,0
LAKSHADWEEP,LAKSHADWEEP DISTRICT,2022-04-23T00:00:00+05:30,43,0,1,0,42,0,0,0,0,0,0,0,0,0
LAKSHADWEEP,LAKSHADWEEP DISTRICT,2022-04-24T00:00:00+05:30,2,0,0,0,2,0,0,0,0,0,0,0,0,0
LAKSHADWEEP,LAKSHADWEEP DISTRICT,2022-04-25T00:00:00+05:30,46,0,0,0,46,0,0,0,0,0,0,0,0,0
LAKSHADWEEP,LAKSHADWEEP DISTRICT,2022-04-26T00:00:00+05:30,81,0,21,0,60,0,0,0,0,0,0,0,0,0
LAKSHADWEEP,LAKSHADWEEP DISTRICT,2022-04-27T00:00:00+05:30,93,0,19,0,74,0,0,0,0,0,0,0,0,0
LAKSHADWEEP,LAKSHADWEEP DISTRICT,2022-04-28T00:00:00+05:30,85,0,6,0,79,0,0,0,0,0,0,0,0,0
LAKSHADWEEP,LAKSHADWEEP DISTRICT,2022-04-29T00:00:00+05:30,155,0,0,0,155,0,0,0,0,0,0,0,0,0
LAKSHADWEEP,LAKSHADWEEP DISTRICT,2022-04-30T00:00:00+05:30,104,0,2,0,102,0,0,0,0,0,0,0,0,0
LAKSHADWEEP,LAKSHADWEEP DISTRICT,2022-05-01T00:00:00+05:30,36,0,0,0,36,0,0,0,0,0,0,0,0,0
LAKSHADWEEP,LAKSHADWEEP DISTRICT,2022-05-02T00:00:00+05:30,85,0,0,0,85,0,0,0,0,0,0,0,0,0
LAKSHADWEEP,LAKSHADWEEP DISTRICT,2022-05-03T00:00:00+05:30,55,1,0,0,55,1,0,0,0,0,0,0,0,0
LAKSHADWEEP,LAKSHADWEEP DISTRICT,2022-05-04T00:00:00+05:30,95,0,0,0,95,0,0,0,0,0,0,0,0,0
LAKSHADWEEP,LAKSHADWEEP DISTRICT,2022-05-05T00:00:00+05:30,104,0,0,0,104,0,0,0,0,0,0,0,0,0
LAKSHADWEEP,LAKSHADWEEP DISTRICT,2022-05-06T00:00:00+05:30,227,0,1,0,226,0,0,0,0,0,0,0,0,0
LAKSHADWEEP,LAKSHADWEEP DISTRICT,2022-05-07T00:00:00+05:30,125,0,0,0,125,0,0,0,0,0,0,0,0,0
LAKSHADWEEP,LAKSHADWEEP DISTRICT,2022-05-08T00:00:00+05:30,19,0,0,0,19,0,0,0,0,0,0,0,0,0
LAKSHADWEEP,LAKSHADWEEP DISTRICT,2022-05-09T00:00:00+05:30,118,0,1,0,117,0,0,0,0,0,0,0,0,0
LAKSHADWEEP,LAKSHADWEEP DISTRICT,2022-05-10T00:00:00+05:30,101,0,1,0,100,0,0,0,0,0,0,0,0,0
LAKSHADWEEP,LAKSHADWEEP DISTRICT,2022-05-11T00:00:00+05:30,85,0,0,0,85,0,0,0,0,0,0,0,0,0
LAKSHADWEEP,LAKSHADWEEP DISTRICT,2022-05-12T00:00:00+05:30,87,0,0,0,87,0,0,0,0,0,0,0,0,0
LAKSHADWEEP,LAKSHADWEEP DISTRICT,2022-05-13T00:00:00+05:30,71,0,0,0,71,0,0,0,0,0,0,0,0,0
LAKSHADWEEP,LAKSHADWEEP DISTRICT,2022-05-14T00:00:00+05:30,96,0,4,0,91,0,0,0,0,0,1,0,0,0
LAKSHADWEEP,LAKSHADWEEP DISTRICT,2022-05-15T00:00:00+05:30,32,0,0,0,32,0,0,0,0,0,0,0,0,0
LAKSHADWEEP,LAKSHADWEEP DISTRICT,2022-05-16T00:00:00+05:30,65,0,1,0,64,0,0,0,0,0,0,0,0,0
LAKSHADWEEP,LAKSHADWEEP DISTRICT,2022-05-17T00:00:00+05:30,77,0,1,0,76,0,0,0,0,0,0,0,0,0
LAKSHADWEEP,LAKSHADWEEP DISTRICT,2022-05-18T00:00:00+05:30,75,0,1,0,74,0,0,0,0,0,0,0,0,0
LAKSHADWEEP,LAKSHADWEEP DISTRICT,2022-05-19T00:00:00+05:30,54,0,1,0,53,0,0,0,0,0,0,0,0,0
LAKSHADWEEP,LAKSHADWEEP DISTRICT,2022-05-20T00:00:00+05:30,83,0,0,0,83,0,0,0,0,0,0,0,0,0
LAKSHADWEEP,LAKSHADWEEP DISTRICT,2022-05-21T00:00:00+05:30,56,0,0,0,56,0,0,0,0,0,0,0,0,0
LAKSHADWEEP,LAKSHADWEEP DISTRICT,2022-05-22T00:00:00+05:30,7,0,0,0,7,0,0,0,0,0,0,0,0,0
LAKSHADWEEP,LAKSHADWEEP DISTRICT,2022-05-23T00:00:00+05:30,71,0,0,0,71,0,0,0,0,0,0,0,0,0
LAKSHADWEEP,LAKSHADWEEP DISTRICT,2022-05-24T00:00:00+05:30,67,0,0,0,67,0,0,0,0,0,0,0,0,0
LAKSHADWEEP,LAKSHADWEEP DISTRICT,2022-05-25T00:00:00+05:30,57,0,3,0,54,0,0,0,0,0,0,0,0,0
LAKSHADWEEP,LAKSHADWEEP DISTRICT,2022-05-26T00:00:00+05:30,94,0,0,0,94,0,0,0,0,0,0,0,0,0
LAKSHADWEEP,LAKSHADWEEP DISTRICT,2022-05-27T00:00:00+05:30,57,0,1,0,56,0,0,0,0,0,0,0,0,0
LAKSHADWEEP,LAKSHADWEEP DISTRICT,2022-05-28T00:00:00+05:30,60,0,0,0,60,0,0,0,0,0,0,0,0,0
LAKSHADWEEP,LAKSHADWEEP DISTRICT,2022-05-29T00:00:00+05:30,26,0,0,0,26,0,0,0,0,0,0,0,0,0
LAKSHADWEEP,LAKSHADWEEP DISTRICT,2022-05-30T00:00:00+05:30,33,0,0,0,33,0,0,0,0,0,0,0,0,0
LAKSHADWEEP,LAKSHADWEEP DISTRICT,2022-05-31T00:00:00+05:30,38,0,0,0,38,0,0,0,0,0,0,0,0,0
LAKSHADWEEP,LAKSHADWEEP DISTRICT,2022-06-01T00:00:00+05:30,65,0,0,0,65,0,0,0,0,0,0,0,0,0
LAKSHADWEEP,LAKSHADWEEP DISTRICT,2022-06-02T00:00:00+05:30,43,0,2,0,41,0,0,0,0,0,0,0,0,0
LAKSHADWEEP,LAKSHADWEEP DISTRICT,2022-06-03T00:00:00+05:30,50,0,2,0,48,0,0,0,0,0,0,0,0,0
LAKSHADWEEP,LAKSHADWEEP DISTRICT,2022-06-04T00:00:00+05:30,26,0,0,0,26,0,0,0,0,0,0,0,0,0
LAKSHADWEEP,LAKSHADWEEP DISTRICT,2022-06-06T00:00:00+05:30,54,0,1,0,53,0,0,0,0,0,0,0,0,0
LAKSHADWEEP,LAKSHADWEEP DISTRICT,2022-06-07T00:00:00+05:30,26,0,0,0,26,0,0,0,0,0,0,0,0,0
LAKSHADWEEP,LAKSHADWEEP DISTRICT,2022-06-08T00:00:00+05:30,164,0,0,0,22,0,0,0,0,0,2,0,140,0
LAKSHADWEEP,LAKSHADWEEP DISTRICT,2022-06-09T00:00:00+05:30,19,0,0,0,17,0,0,0,0,0,0,0,2,0
LAKSHADWEEP,LAKSHADWEEP DISTRICT,2022-06-10T00:00:00+05:30,19,0,1,0,18,0,0,0,0,0,0,0,0,0
LAKSHADWEEP,LAKSHADWEEP DISTRICT,2022-06-11T00:00:00+05:30,44,0,0,0,44,0,0,0,0,0,0,0,0,0
LAKSHADWEEP,LAKSHADWEEP DISTRICT,2022-06-12T00:00:00+05:30,2,0,0,0,2,0,0,0,0,0,0,0,0,0
LAKSHADWEEP,LAKSHADWEEP DISTRICT,2022-06-13T00:00:00+05:30,45,0,2,0,43,0,0,0,0,0,0,0,0,0
LAKSHADWEEP,LAKSHADWEEP DISTRICT,2022-06-14T00:00:00+05:30,46,0,3,0,43,0,0,0,0,0,0,0,0,0
LAKSHADWEEP,LAKSHADWEEP DISTRICT,2022-06-15T00:00:00+05:30,45,0,2,0,43,0,0,0,0,0,0,0,0,0
LAKSHADWEEP,LAKSHADWEEP DISTRICT,2022-06-16T00:00:00+05:30,75,0,1,0,74,0,0,0,0,0,0,0,0,0
LAKSHADWEEP,LAKSHADWEEP DISTRICT,2022-06-17T00:00:00+05:30,81,0,0,0,81,0,0,0,0,0,0,0,0,0
LAKSHADWEEP,LAKSHADWEEP DISTRICT,2022-06-18T00:00:00+05:30,41,1,0,0,40,0,1,1,0,0,0,0,0,0
LAKSHADWEEP,LAKSHADWEEP DISTRICT,2022-06-19T00:00:00+05:30,6,0,0,0,6,0,0,0,0,0,0,0,0,0
LAKSHADWEEP,LAKSHADWEEP DISTRICT,2022-06-20T00:00:00+05:30,72,0,1,0,71,0,0,0,0,0,0,0,0,0
LAKSHADWEEP,LAKSHADWEEP DISTRICT,2022-06-21T00:00:00+05:30,35,0,0,0,35,0,0,0,0,0,0,0,0,0
LAKSHADWEEP,LAKSHADWEEP DISTRICT,2022-06-22T00:00:00+05:30,52,0,1,0,51,0,0,0,0,0,0,0,0,0
LAKSHADWEEP,LAKSHADWEEP DISTRICT,2022-06-23T00:00:00+05:30,37,1,3,0,34,1,0,0,0,0,0,0,0,0
LAKSHADWEEP,LAKSHADWEEP DISTRICT,2022-06-24T00:00:00+05:30,83,2,0,0,83,2,0,0,0,0,0,0,0,0
LAKSHADWEEP,LAKSHADWEEP DISTRICT,2022-06-25T00:00:00+05:30,170,0,0,0,170,0,0,0,0,0,0,0,0,0
LAKSHADWEEP,LAKSHADWEEP DISTRICT,2022-06-26T00:00:00+05:30,93,2,0,0,93,2,0,0,0,0,0,0,0,0
LAKSHADWEEP,LAKSHADWEEP DISTRICT,2022-06-27T00:00:00+05:30,84,0,0,0,84,0,0,0,0,0,0,0,0,0
LAKSHADWEEP,LAKSHADWEEP DISTRICT,2022-06-28T00:00:00+05:30,89,1,0,0,89,1,0,0,0,0,0,0,0,0
LAKSHADWEEP,LAKSHADWEEP DISTRICT,2022-06-29T00:00:00+05:30,64,0,0,0,64,0,0,0,0,0,0,0,0,0
LAKSHADWEEP,LAKSHADWEEP DISTRICT,2022-06-30T00:00:00+05:30,88,0,0,0,88,0,0,0,0,0,0,0,0,0
LAKSHADWEEP,LAKSHADWEEP DISTRICT,2022-07-01T00:00:00+05:30,51,0,1,0,50,0,0,0,0,0,0,0,0,0
LAKSHADWEEP,LAKSHADWEEP DISTRICT,2022-07-02T00:00:00+05:30,100,3,0,0,100,3,0,0,0,0,0,0,0,0
LAKSHADWEEP,LAKSHADWEEP DISTRICT,2022-07-03T00:00:00+05:30,2,1,0,0,2,1,0,0,0,0,0,0,0,0
LAKSHADWEEP,LAKSHADWEEP DISTRICT,2022-07-04T00:00:00+05:30,83,0,0,0,83,0,0,0,0,0,0,0,0,0
LAKSHADWEEP,LAKSHADWEEP DISTRICT,2022-07-05T00:00:00+05:30,43,0,0,0,43,0,0,0,0,0,0,0,0,0
LAKSHADWEEP,LAKSHADWEEP DISTRICT,2022-07-06T00:00:00+05:30,44,1,1,0,43,1,0,0,0,0,0,0,0,0
LAKSHADWEEP,LAKSHADWEEP DISTRICT,2022-07-07T00:00:00+05:30,61,0,1,0,60,0,0,0,0,0,0,0,0,0
LAKSHADWEEP,LAKSHADWEEP DISTRICT,2022-07-08T00:00:00+05:30,29,1,0,0,29,1,0,0,0,0,0,0,0,0
LAKSHADWEEP,LAKSHADWEEP DISTRICT,2022-07-09T00:00:00+05:30,48,0,1,0,47,0,0,0,0,0,0,0,0,0
LAKSHADWEEP,LAKSHADWEEP DISTRICT,2022-07-12T00:00:00+05:30,27,0,0,0,27,0,0,0,0,0,0,0,0,0
LAKSHADWEEP,LAKSHADWEEP DISTRICT,2022-07-13T00:00:00+05:30,25,0,0,0,25,0,0,0,0,0,0,0,0,0
LAKSHADWEEP,LAKSHADWEEP DISTRICT,2022-07-14T00:00:00+05:30,26,0,0,0,26,0,0,0,0,0,0,0,0,0
LAKSHADWEEP,LAKSHADWEEP DISTRICT,2022-07-15T00:00:00+05:30,22,0,0,0,22,0,0,0,0,0,0,0,0,0
LAKSHADWEEP,LAKSHADWEEP DISTRICT,2022-07-16T00:00:00+05:30,16,0,0,0,16,0,0,0,0,0,0,0,0,0
LAKSHADWEEP,LAKSHADWEEP DISTRICT,2022-07-17T00:00:00+05:30,6,0,1,0,5,0,0,0,0,0,0,0,0,0
LAKSHADWEEP,LAKSHADWEEP DISTRICT,2022-07-18T00:00:00+05:30,42,0,0,0,42,0,0,0,0,0,0,0,0,0
LAKSHADWEEP,LAKSHADWEEP DISTRICT,2022-07-19T00:00:00+05:30,64,0,0,0,64,0,0,0,0,0,0,0,0,0
LAKSHADWEEP,LAKSHADWEEP DISTRICT,2022-07-20T00:00:00+05:30,43,0,0,0,43,0,0,0,0,0,0,0,0,0
LAKSHADWEEP,LAKSHADWEEP DISTRICT,2022-07-21T00:00:00+05:30,36,0,0,0,36,0,0,0,0,0,0,0,0,0
LAKSHADWEEP,LAKSHADWEEP DISTRICT,2022-07-22T00:00:00+05:30,19,0,0,0,19,0,0,0,0,0,0,0,0,0
LAKSHADWEEP,LAKSHADWEEP DISTRICT,2022-07-23T00:00:00+05:30,14,0,0,0,14,0,0,0,0,0,0,0,0,0
LAKSHADWEEP,LAKSHADWEEP DISTRICT,2022-07-25T00:00:00+05:30,28,1,0,0,28,1,0,0,0,0,0,0,0,0
LAKSHADWEEP,LAKSHADWEEP DISTRICT,2022-07-26T00:00:00+05:30,30,2,10,0,20,2,0,0,0,0,0,0,0,0
LAKSHADWEEP,LAKSHADWEEP DISTRICT,2022-07-27T00:00:00+05:30,12,0,0,0,12,0,0,0,0,0,0,0,0,0
LAKSHADWEEP,LAKSHADWEEP DISTRICT,2022-07-28T00:00:00+05:30,9,0,0,0,9,0,0,0,0,0,0,0,0,0
LAKSHADWEEP,LAKSHADWEEP DISTRICT,2022-07-29T00:00:00+05:30,14,1,0,0,14,1,0,0,0,0,0,0,0,0
LAKSHADWEEP,LAKSHADWEEP DISTRICT,2022-07-30T00:00:00+05:30,19,0,1,0,18,0,0,0,0,0,0,0,0,0
LAKSHADWEEP,LAKSHADWEEP DISTRICT,2022-07-31T00:00:00+05:30,1,0,0,0,1,0,0,0,0,0,0,0,0,0
LAKSHADWEEP,LAKSHADWEEP DISTRICT,2022-08-01T00:00:00+05:30,52,1,0,0,52,1,0,0,0,0,0,0,0,0
LAKSHADWEEP,LAKSHADWEEP DISTRICT,2022-08-02T00:00:00+05:30,20,0,0,0,20,0,0,0,0,0,0,0,0,0
LAKSHADWEEP,LAKSHADWEEP DISTRICT,2022-08-03T00:00:00+05:30,3,0,0,0,3,0,0,0,0,0,0,0,0,0
LAKSHADWEEP,LAKSHADWEEP DISTRICT,2022-08-04T00:00:00+05:30,17,0,0,0,17,0,0,0,0,0,0,0,0,0
LAKSHADWEEP,LAKSHADWEEP DISTRICT,2022-08-05T00:00:00+05:30,30,0,3,0,27,0,0,0,0,0,0,0,0,0
LAKSHADWEEP,LAKSHADWEEP DISTRICT,2022-08-06T00:00:00+05:30,15,0,0,0,15,0,0,0,0,0,0,0,0,0
LAKSHADWEEP,LAKSHADWEEP DISTRICT,2022-08-07T00:00:00+05:30,2,0,2,0,0,0,0,0,0,0,0,0,0,0
LAKSHADWEEP,LAKSHADWEEP DISTRICT,2022-08-08T00:00:00+05:30,23,1,1,0,22,1,0,0,0,0,0,0,0,0
LAKSHADWEEP,LAKSHADWEEP DISTRICT,2022-08-09T00:00:00+05:30,3,0,0,0,3,0,0,0,0,0,0,0,0,0
LAKSHADWEEP,LAKSHADWEEP DISTRICT,2022-08-10T00:00:00+05:30,11,0,0,0,11,0,0,0,0,0,0,0,0,0
LAKSHADWEEP,LAKSHADWEEP DISTRICT,2022-08-11T00:00:00+05:30,10,0,0,0,10,0,0,0,0,0,0,0,0,0
LAKSHADWEEP,LAKSHADWEEP DISTRICT,2022-08-12T00:00:00+05:30,22,0,0,0,22,0,0,0,0,0,0,0,0,0
LAKSHADWEEP,LAKSHADWEEP DISTRICT,2022-08-13T00:00:00+05:30,29,0,0,0,29,0,0,0,0,0,0,0,0,0
LAKSHADWEEP,LAKSHADWEEP DISTRICT,2022-08-14T00:00:00+05:30,4,0,0,0,4,0,0,0,0,0,0,0,0,0
LAKSHADWEEP,LAKSHADWEEP DISTRICT,2022-08-16T00:00:00+05:30,15,0,0,0,15,0,0,0,0,0,0,0,0,0
LAKSHADWEEP,LAKSHADWEEP DISTRICT,2022-08-17T00:00:00+05:30,8,0,0,0,8,0,0,0,0,0,0,0,0,0
LAKSHADWEEP,LAKSHADWEEP DISTRICT,2022-08-18T00:00:00+05:30,4,0,0,0,4,0,0,0,0,0,0,0,0,0
LAKSHADWEEP,LAKSHADWEEP DISTRICT,2022-08-19T00:00:00+05:30,15,0,0,0,15,0,0,0,0,0,0,0,0,0
LAKSHADWEEP,LAKSHADWEEP DISTRICT,2022-08-20T00:00:00+05:30,28,0,0,0,28,0,0,0,0,0,0,0,0,0
LAKSHADWEEP,LAKSHADWEEP DISTRICT,2022-08-22T00:00:00+05:30,5,0,0,0,5,0,0,0,0,0,0,0,0,0
LAKSHADWEEP,LAKSHADWEEP DISTRICT,2022-08-23T00:00:00+05:30,10,0,1,0,9,0,0,0,0,0,0,0,0,0
LAKSHADWEEP,LAKSHADWEEP DISTRICT,2022-08-24T00:00:00+05:30,6,0,0,0,6,0,0,0,0,0,0,0,0,0
LAKSHADWEEP,LAKSHADWEEP DISTRICT,2022-08-25T00:00:00+05:30,6,0,0,0,6,0,0,0,0,0,0,0,0,0
LAKSHADWEEP,LAKSHADWEEP DISTRICT,2022-08-26T00:00:00+05:30,7,0,0,0,7,0,0,0,0,0,0,0,0,0
LAKSHADWEEP,LAKSHADWEEP DISTRICT,2022-08-27T00:00:00+05:30,6,0,0,0,6,0,0,0,0,0,0,0,0,0
LAKSHADWEEP,LAKSHADWEEP DISTRICT,2022-08-29T00:00:00+05:30,6,0,0,0,6,0,0,0,0,0,0,0,0,0
LAKSHADWEEP,LAKSHADWEEP DISTRICT,2022-08-30T00:00:00+05:30,5,0,0,0,5,0,0,0,0,0,0,0,0,0
LAKSHADWEEP,LAKSHADWEEP DISTRICT,2022-08-31T00:00:00+05:30,1,0,1,0,0,0,0,0,0,0,0,0,0,0
LAKSHADWEEP,LAKSHADWEEP DISTRICT,2022-09-01T00:00:00+05:30,13,0,0,0,13,0,0,0,0,0,0,0,0,0
LAKSHADWEEP,LAKSHADWEEP DISTRICT,2022-09-02T00:00:00+05:30,6,0,0,0,6,0,0,0,0,0,0,0,0,0
LAKSHADWEEP,LAKSHADWEEP DISTRICT,2022-09-03T00:00:00+05:30,3,0,1,0,2,0,0,0,0,0,0,0,0,0
LAKSHADWEEP,LAKSHADWEEP DISTRICT,2022-09-04T00:00:00+05:30,2,1,2,1,0,0,0,0,0,0,0,0,0,0
LAKSHADWEEP,LAKSHADWEEP DISTRICT,2022-09-05T00:00:00+05:30,9,0,2,0,7,0,0,0,0,0,0,0,0,0
LAKSHADWEEP,LAKSHADWEEP DISTRICT,2022-09-06T00:00:00+05:30,5,0,0,0,5,0,0,0,0,0,0,0,0,0
LAKSHADWEEP,LAKSHADWEEP DISTRICT,2022-09-09T00:00:00+05:30,1,0,0,0,1,0,0,0,0,0,0,0,0,0
LAKSHADWEEP,LAKSHADWEEP DISTRICT,2022-09-10T00:00:00+05:30,2,0,0,0,2,0,0,0,0,0,0,0,0,0
LAKSHADWEEP,LAKSHADWEEP DISTRICT,2022-09-12T00:00:00+05:30,3,0,0,0,3,0,0,0,0,0,0,0,0,0
LAKSHADWEEP,LAKSHADWEEP DISTRICT,2022-09-13T00:00:00+05:30,3,0,0,0,3,0,0,0,0,0,0,0,0,0
LAKSHADWEEP,LAKSHADWEEP DISTRICT,2022-09-16T00:00:00+05:30,1,0,1,0,0,0,0,0,0,0,0,0,0,0
LAKSHADWEEP,LAKSHADWEEP DISTRICT,2022-09-18T00:00:00+05:30,1,0,1,0,0,0,0,0,0,0,0,0,0,0
LAKSHADWEEP,LAKSHADWEEP DISTRICT,2022-09-19T00:00:00+05:30,4,0,0,0,4,0,0,0,0,0,0,0,0,0
LAKSHADWEEP,LAKSHADWEEP DISTRICT,2022-09-23T00:00:00+05:30,8,0,0,0,8,0,0,0,0,0,0,0,0,0
